match_id,inning,batting_team,bowling_team,over,ball,batsman,non_striker,bowler,is_super_over,wide_runs,bye_runs,legbye_runs,noball_runs,penalty_runs,batsman_runs,extra_runs,total_runs,player_dismissed,dismissal_kind,fielder
match_id,inning,batting_team,bowling_team,over,ball,batsman,non_striker,bowler,is_super_over,wide_runs,bye_runs,legbye_runs,noball_runs,penalty_runs,batsman_runs,extra_runs,total_runs,player_dismissed,dismissal_kind,fielder
1,1,Sunrisers Hyderabad,Royal Challengers Bangalore,1,1,DA Warner,S Dhawan,TS Mills,0,0,0,0,0,0,0,0,0,,,
1,1,Sunrisers Hyderabad,Royal Challengers Bangalore,1,2,DA Warner,S Dhawan,TS Mills,0,0,0,0,0,0,0,0,0,,,
1,1,Sunrisers Hyderabad,Royal Challengers Bangalore,1,3,DA Warner,S Dhawan,TS Mills,0,0,0,0,0,0,4,0,4,,,
1,1,Sunrisers Hyderabad,Royal Challengers Bangalore,1,4,DA Warner,S Dhawan,TS Mills,0,0,0,0,0,0,0,0,0,,,
1,1,Sunrisers Hyderabad,Royal Challengers Bangalore,1,5,DA Warner,S Dhawan,TS Mills,0,2,0,0,0,0,0,2,2,,,
1,1,Sunrisers Hyderabad,Royal Challengers Bangalore,1,6,S Dhawan,DA Warner,TS Mills,0,0,0,0,0,0,0,0,0,,,
1,1,Sunrisers Hyderabad,Royal Challengers Bangalore,1,7,S Dhawan,DA Warner,TS Mills,0,0,0,1,0,0,0,1,1,,,
1,1,Sunrisers Hyderabad,Royal Challengers Bangalore,2,1,S Dhawan,DA Warner,A Choudhary,0,0,0,0,0,0,1,0,1,,,
1,1,Sunrisers Hyderabad,Royal Challengers Bangalore,2,2,DA Warner,S Dhawan,A Choudhary,0,0,0,0,0,0,4,0,4,,,
1,1,Sunrisers Hyderabad,Royal Challengers Bangalore,2,3,DA Warner,S Dhawan,A Choudhary,0,0,0,0,1,0,0,1,1,,,
1,1,Sunrisers Hyderabad,Royal Challengers Bangalore,2,4,DA Warner,S Dhawan,A Choudhary,0,0,0,0,0,0,6,0,6,,,
1,1,Sunrisers Hyderabad,Royal Challengers Bangalore,2,5,DA Warner,S Dhawan,A Choudhary,0,0,0,0,0,0,0,0,0,DA Warner,caught,Mandeep Singh
1,1,Sunrisers Hyderabad,Royal Challengers Bangalore,2,6,MC Henriques,S Dhawan,A Choudhary,0,0,0,0,0,0,0,0,0,,,
1,1,Sunrisers Hyderabad,Royal Challengers Bangalore,2,7,MC Henriques,S Dhawan,A Choudhary,0,0,0,0,0,0,4,0,4,,,
1,1,Sunrisers Hyderabad,Royal Challengers Bangalore,3,1,S Dhawan,MC Henriques,TS Mills,0,0,0,0,0,0,1,0,1,,,
1,1,Sunrisers Hyderabad,Royal Challengers Bangalore,3,2,MC Henriques,S Dhawan,TS Mills,0,0,0,0,0,0,0,0,0,,,
1,1,Sunrisers Hyderabad,Royal Challengers Bangalore,3,3,MC Henriques,S Dhawan,TS Mills,0,0,0,0,0,0,0,0,0,,,
1,1,Sunrisers Hyderabad,Royal Challengers Bangalore,3,4,MC Henriques,S Dhawan,TS Mills,0,0,0,0,0,0,3,0,3,,,
1,1,Sunrisers Hyderabad,Royal Challengers Bangalore,3,5,S Dhawan,MC Henriques,TS Mills,0,0,0,0,0,0,1,0,1,,,
1,1,Sunrisers Hyderabad,Royal Challengers Bangalore,3,6,MC Henriques,S Dhawan,TS Mills,0,0,0,0,0,0,1,0,1,,,
1,1,Sunrisers Hyderabad,Royal Challengers Bangalore,4,1,MC Henriques,S Dhawan,YS Chahal,0,0,0,0,0,0,0,0,0,,,
1,1,Sunrisers Hyderabad,Royal Challengers Bangalore,4,2,MC Henriques,S Dhawan,YS Chahal,0,0,0,0,0,0,1,0,1,,,
1,1,Sunrisers Hyderabad,Royal Challengers Bangalore,4,3,S Dhawan,MC Henriques,YS Chahal,0,0,0,0,0,0,0,0,0,,,
1,1,Sunrisers Hyderabad,Royal Challengers Bangalore,4,4,S Dhawan,MC Henriques,YS Chahal,0,0,0,0,0,0,1,0,1,,,
1,1,Sunrisers Hyderabad,Royal Challengers Bangalore,4,5,MC Henriques,S Dhawan,YS Chahal,0,0,0,0,0,0,1,0,1,,,
1,1,Sunrisers Hyderabad,Royal Challengers Bangalore,4,6,S Dhawan,MC Henriques,YS Chahal,0,0,0,0,0,0,1,0,1,,,
1,1,Sunrisers Hyderabad,Royal Challengers Bangalore,5,1,S Dhawan,MC Henriques,S Aravind,0,0,0,0,0,0,1,0,1,,,
1,1,Sunrisers Hyderabad,Royal Challengers Bangalore,5,2,MC Henriques,S Dhawan,S Aravind,0,0,0,0,0,0,1,0,1,,,
1,1,Sunrisers Hyderabad,Royal Challengers Bangalore,5,3,S Dhawan,MC Henriques,S Aravind,0,0,0,0,0,0,1,0,1,,,
1,1,Sunrisers Hyderabad,Royal Challengers Bangalore,5,4,MC Henriques,S Dhawan,S Aravind,0,0,0,0,0,0,2,0,2,,,
1,1,Sunrisers Hyderabad,Royal Challengers Bangalore,5,5,MC Henriques,S Dhawan,S Aravind,0,0,0,0,0,0,4,0,4,,,
1,1,Sunrisers Hyderabad,Royal Challengers Bangalore,5,6,MC Henriques,S Dhawan,S Aravind,0,0,0,0,0,0,0,0,0,,,
1,1,Sunrisers Hyderabad,Royal Challengers Bangalore,6,1,S Dhawan,MC Henriques,SR Watson,0,0,0,0,0,0,4,0,4,,,
1,1,Sunrisers Hyderabad,Royal Challengers Bangalore,6,2,S Dhawan,MC Henriques,SR Watson,0,0,0,0,0,0,4,0,4,,,
1,1,Sunrisers Hyderabad,Royal Challengers Bangalore,6,3,S Dhawan,MC Henriques,SR Watson,0,0,0,0,0,0,0,0,0,,,
1,1,Sunrisers Hyderabad,Royal Challengers Bangalore,6,4,S Dhawan,MC Henriques,SR Watson,0,0,0,0,0,0,4,0,4,,,
1,1,Sunrisers Hyderabad,Royal Challengers Bangalore,6,5,S Dhawan,MC Henriques,SR Watson,0,0,0,0,0,0,4,0,4,,,
1,1,Sunrisers Hyderabad,Royal Challengers Bangalore,6,6,S Dhawan,MC Henriques,SR Watson,0,0,0,0,0,0,1,0,1,,,
1,1,Sunrisers Hyderabad,Royal Challengers Bangalore,7,1,S Dhawan,MC Henriques,YS Chahal,0,0,0,0,0,0,1,0,1,,,
1,1,Sunrisers Hyderabad,Royal Challengers Bangalore,7,2,MC Henriques,S Dhawan,YS Chahal,0,0,0,0,0,0,0,0,0,,,
1,1,Sunrisers Hyderabad,Royal Challengers Bangalore,7,3,MC Henriques,S Dhawan,YS Chahal,0,0,0,0,0,0,1,0,1,,,
1,1,Sunrisers Hyderabad,Royal Challengers Bangalore,7,4,S Dhawan,MC Henriques,YS Chahal,0,0,0,0,0,0,1,0,1,,,
1,1,Sunrisers Hyderabad,Royal Challengers Bangalore,7,5,MC Henriques,S Dhawan,YS Chahal,0,0,0,0,0,0,1,0,1,,,
1,1,Sunrisers Hyderabad,Royal Challengers Bangalore,7,6,S Dhawan,MC Henriques,YS Chahal,0,0,0,0,0,0,1,0,1,,,
1,1,Sunrisers Hyderabad,Royal Challengers Bangalore,8,1,S Dhawan,MC Henriques,TM Head,0,0,0,0,0,0,1,0,1,,,
1,1,Sunrisers Hyderabad,Royal Challengers Bangalore,8,2,MC Henriques,S Dhawan,TM Head,0,0,0,0,0,0,1,0,1,,,
1,1,Sunrisers Hyderabad,Royal Challengers Bangalore,8,3,S Dhawan,MC Henriques,TM Head,0,0,0,0,0,0,1,0,1,,,
1,1,Sunrisers Hyderabad,Royal Challengers Bangalore,8,4,MC Henriques,S Dhawan,TM Head,0,0,0,0,0,0,6,0,6,,,
1,1,Sunrisers Hyderabad,Royal Challengers Bangalore,8,5,MC Henriques,S Dhawan,TM Head,0,0,0,0,0,0,1,0,1,,,
1,1,Sunrisers Hyderabad,Royal Challengers Bangalore,8,6,S Dhawan,MC Henriques,TM Head,0,0,0,0,0,0,1,0,1,,,
1,1,Sunrisers Hyderabad,Royal Challengers Bangalore,9,1,S Dhawan,MC Henriques,YS Chahal,0,0,0,0,0,0,2,0,2,,,
1,1,Sunrisers Hyderabad,Royal Challengers Bangalore,9,2,S Dhawan,MC Henriques,YS Chahal,0,0,0,0,0,0,1,0,1,,,
1,1,Sunrisers Hyderabad,Royal Challengers Bangalore,9,3,MC Henriques,S Dhawan,YS Chahal,0,0,0,0,0,0,1,0,1,,,
1,1,Sunrisers Hyderabad,Royal Challengers Bangalore,9,4,S Dhawan,MC Henriques,YS Chahal,0,0,0,0,0,0,1,0,1,,,
1,1,Sunrisers Hyderabad,Royal Challengers Bangalore,9,5,MC Henriques,S Dhawan,YS Chahal,0,0,0,0,0,0,2,0,2,,,
1,1,Sunrisers Hyderabad,Royal Challengers Bangalore,9,6,MC Henriques,S Dhawan,YS Chahal,0,0,0,0,0,0,2,0,2,,,
1,1,Sunrisers Hyderabad,Royal Challengers Bangalore,10,1,S Dhawan,MC Henriques,A Choudhary,0,0,0,0,0,0,0,0,0,,,
1,1,Sunrisers Hyderabad,Royal Challengers Bangalore,10,2,S Dhawan,MC Henriques,A Choudhary,0,0,0,0,0,0,1,0,1,,,
1,1,Sunrisers Hyderabad,Royal Challengers Bangalore,10,3,MC Henriques,S Dhawan,A Choudhary,0,0,0,0,0,0,1,0,1,,,
1,1,Sunrisers Hyderabad,Royal Challengers Bangalore,10,4,S Dhawan,MC Henriques,A Choudhary,0,0,0,0,0,0,1,0,1,,,
1,1,Sunrisers Hyderabad,Royal Challengers Bangalore,10,5,MC Henriques,S Dhawan,A Choudhary,0,0,0,0,0,0,1,0,1,,,
1,1,Sunrisers Hyderabad,Royal Challengers Bangalore,10,6,S Dhawan,MC Henriques,A Choudhary,0,0,0,0,0,0,0,0,0,,,
1,1,Sunrisers Hyderabad,Royal Challengers Bangalore,11,1,MC Henriques,S Dhawan,STR Binny,0,0,0,0,0,0,1,0,1,,,
1,1,Sunrisers Hyderabad,Royal Challengers Bangalore,11,2,S Dhawan,MC Henriques,STR Binny,0,0,0,0,0,0,4,0,4,,,
1,1,Sunrisers Hyderabad,Royal Challengers Bangalore,11,3,S Dhawan,MC Henriques,STR Binny,0,0,0,0,0,0,0,0,0,S Dhawan,caught,Sachin Baby
1,1,Sunrisers Hyderabad,Royal Challengers Bangalore,11,4,MC Henriques,Yuvraj Singh,STR Binny,0,0,0,0,0,0,1,0,1,,,
1,1,Sunrisers Hyderabad,Royal Challengers Bangalore,11,5,Yuvraj Singh,MC Henriques,STR Binny,0,0,0,0,0,0,2,0,2,,,
1,1,Sunrisers Hyderabad,Royal Challengers Bangalore,11,6,Yuvraj Singh,MC Henriques,STR Binny,0,0,0,0,0,0,2,0,2,,,
1,1,Sunrisers Hyderabad,Royal Challengers Bangalore,12,1,MC Henriques,Yuvraj Singh,S Aravind,0,0,0,0,0,0,1,0,1,,,
1,1,Sunrisers Hyderabad,Royal Challengers Bangalore,12,2,Yuvraj Singh,MC Henriques,S Aravind,0,0,0,0,0,0,0,0,0,,,
1,1,Sunrisers Hyderabad,Royal Challengers Bangalore,12,3,Yuvraj Singh,MC Henriques,S Aravind,0,0,0,0,0,0,1,0,1,,,
1,1,Sunrisers Hyderabad,Royal Challengers Bangalore,12,4,MC Henriques,Yuvraj Singh,S Aravind,0,0,0,0,0,0,1,0,1,,,
1,1,Sunrisers Hyderabad,Royal Challengers Bangalore,12,5,Yuvraj Singh,MC Henriques,S Aravind,0,0,0,0,0,0,4,0,4,,,
1,1,Sunrisers Hyderabad,Royal Challengers Bangalore,12,6,Yuvraj Singh,MC Henriques,S Aravind,0,0,0,0,0,0,1,0,1,,,
1,1,Sunrisers Hyderabad,Royal Challengers Bangalore,13,1,Yuvraj Singh,MC Henriques,A Choudhary,0,0,0,0,0,0,4,0,4,,,
1,1,Sunrisers Hyderabad,Royal Challengers Bangalore,13,2,Yuvraj Singh,MC Henriques,A Choudhary,0,0,0,0,0,0,6,0,6,,,
1,1,Sunrisers Hyderabad,Royal Challengers Bangalore,13,3,Yuvraj Singh,MC Henriques,A Choudhary,0,0,0,0,0,0,4,0,4,,,
1,1,Sunrisers Hyderabad,Royal Challengers Bangalore,13,4,Yuvraj Singh,MC Henriques,A Choudhary,0,0,0,0,0,0,0,0,0,,,
1,1,Sunrisers Hyderabad,Royal Challengers Bangalore,13,5,Yuvraj Singh,MC Henriques,A Choudhary,0,1,0,0,0,0,0,1,1,,,
1,1,Sunrisers Hyderabad,Royal Challengers Bangalore,13,6,Yuvraj Singh,MC Henriques,A Choudhary,0,0,0,0,0,0,2,0,2,,,
1,1,Sunrisers Hyderabad,Royal Challengers Bangalore,13,7,Yuvraj Singh,MC Henriques,A Choudhary,0,0,0,0,0,0,1,0,1,,,
1,1,Sunrisers Hyderabad,Royal Challengers Bangalore,14,1,Yuvraj Singh,MC Henriques,SR Watson,0,0,0,0,0,0,4,0,4,,,
1,1,Sunrisers Hyderabad,Royal Challengers Bangalore,14,2,Yuvraj Singh,MC Henriques,SR Watson,0,0,0,0,0,0,1,0,1,,,
1,1,Sunrisers Hyderabad,Royal Challengers Bangalore,14,3,MC Henriques,Yuvraj Singh,SR Watson,0,0,0,0,0,0,1,0,1,,,
1,1,Sunrisers Hyderabad,Royal Challengers Bangalore,14,4,Yuvraj Singh,MC Henriques,SR Watson,0,0,0,0,0,0,1,0,1,,,
1,1,Sunrisers Hyderabad,Royal Challengers Bangalore,14,5,MC Henriques,Yuvraj Singh,SR Watson,0,0,0,0,0,0,0,0,0,,,
1,1,Sunrisers Hyderabad,Royal Challengers Bangalore,14,6,MC Henriques,Yuvraj Singh,SR Watson,0,0,0,0,0,0,1,0,1,,,
1,1,Sunrisers Hyderabad,Royal Challengers Bangalore,15,1,MC Henriques,Yuvraj Singh,S Aravind,0,0,0,0,0,0,4,0,4,,,
1,1,Sunrisers Hyderabad,Royal Challengers Bangalore,15,2,MC Henriques,Yuvraj Singh,S Aravind,0,0,0,0,0,0,1,0,1,,,
1,1,Sunrisers Hyderabad,Royal Challengers Bangalore,15,3,Yuvraj Singh,MC Henriques,S Aravind,0,0,0,0,0,0,6,0,6,,,
1,1,Sunrisers Hyderabad,Royal Challengers Bangalore,15,4,Yuvraj Singh,MC Henriques,S Aravind,0,0,0,0,0,0,1,0,1,,,
1,1,Sunrisers Hyderabad,Royal Challengers Bangalore,15,5,MC Henriques,Yuvraj Singh,S Aravind,0,0,0,0,0,0,6,0,6,,,
1,1,Sunrisers Hyderabad,Royal Challengers Bangalore,15,6,MC Henriques,Yuvraj Singh,S Aravind,0,0,0,0,0,0,1,0,1,,,
1,1,Sunrisers Hyderabad,Royal Challengers Bangalore,16,1,MC Henriques,Yuvraj Singh,YS Chahal,0,0,0,0,0,0,0,0,0,,,
1,1,Sunrisers Hyderabad,Royal Challengers Bangalore,16,2,MC Henriques,Yuvraj Singh,YS Chahal,0,0,0,0,0,0,0,0,0,MC Henriques,caught,Sachin Baby
1,1,Sunrisers Hyderabad,Royal Challengers Bangalore,16,3,Yuvraj Singh,DJ Hooda,YS Chahal,0,0,0,0,0,0,1,0,1,,,
1,1,Sunrisers Hyderabad,Royal Challengers Bangalore,16,4,DJ Hooda,Yuvraj Singh,YS Chahal,0,0,0,0,0,0,1,0,1,,,
1,1,Sunrisers Hyderabad,Royal Challengers Bangalore,16,5,Yuvraj Singh,DJ Hooda,YS Chahal,0,0,0,0,0,0,1,0,1,,,
1,1,Sunrisers Hyderabad,Royal Challengers Bangalore,16,6,DJ Hooda,Yuvraj Singh,YS Chahal,0,0,0,0,0,0,1,0,1,,,
1,1,Sunrisers Hyderabad,Royal Challengers Bangalore,17,1,DJ Hooda,Yuvraj Singh,TS Mills,0,0,0,0,0,0,1,0,1,,,
1,1,Sunrisers Hyderabad,Royal Challengers Bangalore,17,2,Yuvraj Singh,DJ Hooda,TS Mills,0,0,0,0,0,0,0,0,0,,,
1,1,Sunrisers Hyderabad,Royal Challengers Bangalore,17,3,Yuvraj Singh,DJ Hooda,TS Mills,0,0,0,0,0,0,4,0,4,,,
1,1,Sunrisers Hyderabad,Royal Challengers Bangalore,17,4,Yuvraj Singh,DJ Hooda,TS Mills,0,0,0,0,0,0,1,0,1,,,
1,1,Sunrisers Hyderabad,Royal Challengers Bangalore,17,5,DJ Hooda,Yuvraj Singh,TS Mills,0,0,0,0,0,0,0,0,0,,,
1,1,Sunrisers Hyderabad,Royal Challengers Bangalore,17,6,DJ Hooda,Yuvraj Singh,TS Mills,0,0,0,0,0,0,1,0,1,,,
1,1,Sunrisers Hyderabad,Royal Challengers Bangalore,18,1,DJ Hooda,Yuvraj Singh,A Choudhary,0,0,0,0,0,0,6,0,6,,,
1,1,Sunrisers Hyderabad,Royal Challengers Bangalore,18,2,DJ Hooda,Yuvraj Singh,A Choudhary,0,0,0,0,0,0,1,0,1,,,
1,1,Sunrisers Hyderabad,Royal Challengers Bangalore,18,3,Yuvraj Singh,DJ Hooda,A Choudhary,0,1,0,0,0,0,0,1,1,,,
1,1,Sunrisers Hyderabad,Royal Challengers Bangalore,18,4,Yuvraj Singh,DJ Hooda,A Choudhary,0,1,0,0,0,0,0,1,1,,,
1,1,Sunrisers Hyderabad,Royal Challengers Bangalore,18,5,Yuvraj Singh,DJ Hooda,A Choudhary,0,0,0,0,0,0,4,0,4,,,
1,1,Sunrisers Hyderabad,Royal Challengers Bangalore,18,6,Yuvraj Singh,DJ Hooda,A Choudhary,0,0,0,0,0,0,1,0,1,,,
1,1,Sunrisers Hyderabad,Royal Challengers Bangalore,18,7,DJ Hooda,Yuvraj Singh,A Choudhary,0,0,0,0,0,0,2,0,2,,,
1,1,Sunrisers Hyderabad,Royal Challengers Bangalore,18,8,DJ Hooda,Yuvraj Singh,A Choudhary,0,0,0,0,0,0,1,0,1,,,
1,1,Sunrisers Hyderabad,Royal Challengers Bangalore,19,1,DJ Hooda,Yuvraj Singh,TS Mills,0,0,0,0,0,0,1,0,1,,,
1,1,Sunrisers Hyderabad,Royal Challengers Bangalore,19,2,Yuvraj Singh,DJ Hooda,TS Mills,0,0,0,0,0,0,4,0,4,,,
1,1,Sunrisers Hyderabad,Royal Challengers Bangalore,19,3,Yuvraj Singh,DJ Hooda,TS Mills,0,0,0,0,0,0,6,0,6,,,
1,1,Sunrisers Hyderabad,Royal Challengers Bangalore,19,4,Yuvraj Singh,DJ Hooda,TS Mills,0,0,0,0,0,0,0,0,0,Yuvraj Singh,bowled,
1,1,Sunrisers Hyderabad,Royal Challengers Bangalore,19,5,BCJ Cutting,DJ Hooda,TS Mills,0,0,0,0,0,0,1,0,1,,,
1,1,Sunrisers Hyderabad,Royal Challengers Bangalore,19,6,DJ Hooda,BCJ Cutting,TS Mills,0,0,0,0,0,0,0,0,0,,,
1,1,Sunrisers Hyderabad,Royal Challengers Bangalore,20,1,BCJ Cutting,DJ Hooda,SR Watson,0,0,0,0,0,0,1,0,1,,,
1,1,Sunrisers Hyderabad,Royal Challengers Bangalore,20,2,DJ Hooda,BCJ Cutting,SR Watson,0,0,0,0,0,0,1,0,1,,,
1,1,Sunrisers Hyderabad,Royal Challengers Bangalore,20,3,BCJ Cutting,DJ Hooda,SR Watson,0,0,0,0,0,0,6,0,6,,,
1,1,Sunrisers Hyderabad,Royal Challengers Bangalore,20,4,BCJ Cutting,DJ Hooda,SR Watson,0,0,0,0,0,0,2,0,2,,,
1,1,Sunrisers Hyderabad,Royal Challengers Bangalore,20,5,BCJ Cutting,DJ Hooda,SR Watson,0,0,0,0,0,0,0,0,0,,,
1,1,Sunrisers Hyderabad,Royal Challengers Bangalore,20,6,BCJ Cutting,DJ Hooda,SR Watson,0,0,0,0,0,0,6,0,6,,,
1,2,Royal Challengers Bangalore,Sunrisers Hyderabad,1,1,CH Gayle,Mandeep Singh,A Nehra,0,0,0,0,0,0,1,0,1,,,
1,2,Royal Challengers Bangalore,Sunrisers Hyderabad,1,2,Mandeep Singh,CH Gayle,A Nehra,0,0,0,0,0,0,0,0,0,,,
1,2,Royal Challengers Bangalore,Sunrisers Hyderabad,1,3,Mandeep Singh,CH Gayle,A Nehra,0,0,0,0,0,0,0,0,0,,,
1,2,Royal Challengers Bangalore,Sunrisers Hyderabad,1,4,Mandeep Singh,CH Gayle,A Nehra,0,0,0,0,0,0,2,0,2,,,
1,2,Royal Challengers Bangalore,Sunrisers Hyderabad,1,5,Mandeep Singh,CH Gayle,A Nehra,0,0,0,0,0,0,4,0,4,,,
1,2,Royal Challengers Bangalore,Sunrisers Hyderabad,1,6,Mandeep Singh,CH Gayle,A Nehra,0,0,0,0,0,0,4,0,4,,,
1,2,Royal Challengers Bangalore,Sunrisers Hyderabad,2,1,CH Gayle,Mandeep Singh,B Kumar,0,0,0,0,0,0,0,0,0,,,
1,2,Royal Challengers Bangalore,Sunrisers Hyderabad,2,2,CH Gayle,Mandeep Singh,B Kumar,0,0,0,0,0,0,0,0,0,,,
1,2,Royal Challengers Bangalore,Sunrisers Hyderabad,2,3,CH Gayle,Mandeep Singh,B Kumar,0,0,0,0,0,0,1,0,1,,,
1,2,Royal Challengers Bangalore,Sunrisers Hyderabad,2,4,Mandeep Singh,CH Gayle,B Kumar,0,0,0,0,0,0,0,0,0,,,
1,2,Royal Challengers Bangalore,Sunrisers Hyderabad,2,5,Mandeep Singh,CH Gayle,B Kumar,0,0,0,0,0,0,0,0,0,,,
1,2,Royal Challengers Bangalore,Sunrisers Hyderabad,2,6,Mandeep Singh,CH Gayle,B Kumar,0,0,0,0,0,0,0,0,0,,,
1,2,Royal Challengers Bangalore,Sunrisers Hyderabad,3,1,CH Gayle,Mandeep Singh,A Nehra,0,0,0,0,0,0,0,0,0,,,
1,2,Royal Challengers Bangalore,Sunrisers Hyderabad,3,2,CH Gayle,Mandeep Singh,A Nehra,0,0,0,0,0,0,4,0,4,,,
1,2,Royal Challengers Bangalore,Sunrisers Hyderabad,3,3,CH Gayle,Mandeep Singh,A Nehra,0,0,0,0,0,0,1,0,1,,,
1,2,Royal Challengers Bangalore,Sunrisers Hyderabad,3,4,Mandeep Singh,CH Gayle,A Nehra,0,0,0,0,0,0,4,0,4,,,
1,2,Royal Challengers Bangalore,Sunrisers Hyderabad,3,5,Mandeep Singh,CH Gayle,A Nehra,0,0,0,0,0,0,1,0,1,,,
1,2,Royal Challengers Bangalore,Sunrisers Hyderabad,3,6,CH Gayle,Mandeep Singh,A Nehra,0,0,0,0,0,0,6,0,6,,,
1,2,Royal Challengers Bangalore,Sunrisers Hyderabad,4,1,Mandeep Singh,CH Gayle,B Kumar,0,0,0,0,0,0,1,0,1,,,
1,2,Royal Challengers Bangalore,Sunrisers Hyderabad,4,2,CH Gayle,Mandeep Singh,B Kumar,0,0,0,0,0,0,6,0,6,,,
1,2,Royal Challengers Bangalore,Sunrisers Hyderabad,4,3,CH Gayle,Mandeep Singh,B Kumar,0,0,0,0,0,0,2,0,2,,,
1,2,Royal Challengers Bangalore,Sunrisers Hyderabad,4,4,CH Gayle,Mandeep Singh,B Kumar,0,1,0,0,0,0,0,1,1,,,
1,2,Royal Challengers Bangalore,Sunrisers Hyderabad,4,5,CH Gayle,Mandeep Singh,B Kumar,0,0,0,0,0,0,0,0,0,,,
1,2,Royal Challengers Bangalore,Sunrisers Hyderabad,4,6,CH Gayle,Mandeep Singh,B Kumar,0,0,0,0,0,0,1,0,1,,,
1,2,Royal Challengers Bangalore,Sunrisers Hyderabad,4,7,Mandeep Singh,CH Gayle,B Kumar,0,0,0,0,0,0,4,0,4,,,
1,2,Royal Challengers Bangalore,Sunrisers Hyderabad,5,1,CH Gayle,Mandeep Singh,BCJ Cutting,0,0,0,0,0,0,0,0,0,,,
1,2,Royal Challengers Bangalore,Sunrisers Hyderabad,5,2,CH Gayle,Mandeep Singh,BCJ Cutting,0,0,0,0,0,0,0,0,0,,,
1,2,Royal Challengers Bangalore,Sunrisers Hyderabad,5,3,CH Gayle,Mandeep Singh,BCJ Cutting,0,0,0,0,0,0,0,0,0,,,
1,2,Royal Challengers Bangalore,Sunrisers Hyderabad,5,4,CH Gayle,Mandeep Singh,BCJ Cutting,0,1,0,0,0,0,0,1,1,,,
1,2,Royal Challengers Bangalore,Sunrisers Hyderabad,5,5,CH Gayle,Mandeep Singh,BCJ Cutting,0,0,0,0,0,0,0,0,0,,,
1,2,Royal Challengers Bangalore,Sunrisers Hyderabad,5,6,CH Gayle,Mandeep Singh,BCJ Cutting,0,0,0,0,0,0,0,0,0,,,
1,2,Royal Challengers Bangalore,Sunrisers Hyderabad,5,7,CH Gayle,Mandeep Singh,BCJ Cutting,0,0,0,0,0,0,4,0,4,,,
1,2,Royal Challengers Bangalore,Sunrisers Hyderabad,6,1,Mandeep Singh,CH Gayle,Rashid Khan,0,0,0,0,0,0,0,0,0,,,
1,2,Royal Challengers Bangalore,Sunrisers Hyderabad,6,2,Mandeep Singh,CH Gayle,Rashid Khan,0,0,0,0,0,0,4,0,4,,,
1,2,Royal Challengers Bangalore,Sunrisers Hyderabad,6,3,Mandeep Singh,CH Gayle,Rashid Khan,0,0,0,0,0,0,0,0,0,,,
1,2,Royal Challengers Bangalore,Sunrisers Hyderabad,6,4,Mandeep Singh,CH Gayle,Rashid Khan,0,0,0,0,0,0,0,0,0,Mandeep Singh,bowled,
1,2,Royal Challengers Bangalore,Sunrisers Hyderabad,6,5,TM Head,CH Gayle,Rashid Khan,0,0,0,0,0,0,2,0,2,,,
1,2,Royal Challengers Bangalore,Sunrisers Hyderabad,6,6,TM Head,CH Gayle,Rashid Khan,0,0,0,0,0,0,0,0,0,,,
1,2,Royal Challengers Bangalore,Sunrisers Hyderabad,7,1,CH Gayle,TM Head,DJ Hooda,0,0,0,0,0,0,0,0,0,,,
1,2,Royal Challengers Bangalore,Sunrisers Hyderabad,7,2,CH Gayle,TM Head,DJ Hooda,0,0,0,0,0,0,6,0,6,,,
1,2,Royal Challengers Bangalore,Sunrisers Hyderabad,7,3,CH Gayle,TM Head,DJ Hooda,0,0,0,0,0,0,0,0,0,CH Gayle,caught,DA Warner
1,2,Royal Challengers Bangalore,Sunrisers Hyderabad,7,4,TM Head,KM Jadhav,DJ Hooda,0,0,0,0,0,0,0,0,0,,,
1,2,Royal Challengers Bangalore,Sunrisers Hyderabad,7,5,TM Head,KM Jadhav,DJ Hooda,0,0,0,0,0,0,1,0,1,,,
1,2,Royal Challengers Bangalore,Sunrisers Hyderabad,7,6,KM Jadhav,TM Head,DJ Hooda,0,0,0,0,0,0,0,0,0,,,
1,2,Royal Challengers Bangalore,Sunrisers Hyderabad,8,1,TM Head,KM Jadhav,Rashid Khan,0,0,0,0,0,0,4,0,4,,,
1,2,Royal Challengers Bangalore,Sunrisers Hyderabad,8,2,TM Head,KM Jadhav,Rashid Khan,0,0,0,0,0,0,2,0,2,,,
1,2,Royal Challengers Bangalore,Sunrisers Hyderabad,8,3,TM Head,KM Jadhav,Rashid Khan,0,0,0,0,0,0,1,0,1,,,
1,2,Royal Challengers Bangalore,Sunrisers Hyderabad,8,4,KM Jadhav,TM Head,Rashid Khan,0,0,0,0,0,0,1,0,1,,,
1,2,Royal Challengers Bangalore,Sunrisers Hyderabad,8,5,TM Head,KM Jadhav,Rashid Khan,0,0,0,0,0,0,1,0,1,,,
1,2,Royal Challengers Bangalore,Sunrisers Hyderabad,8,6,KM Jadhav,TM Head,Rashid Khan,0,0,0,0,0,0,4,0,4,,,
1,2,Royal Challengers Bangalore,Sunrisers Hyderabad,9,1,TM Head,KM Jadhav,BCJ Cutting,0,0,0,0,0,0,1,0,1,,,
1,2,Royal Challengers Bangalore,Sunrisers Hyderabad,9,2,KM Jadhav,TM Head,BCJ Cutting,0,1,0,0,0,0,0,1,1,,,
1,2,Royal Challengers Bangalore,Sunrisers Hyderabad,9,3,KM Jadhav,TM Head,BCJ Cutting,0,0,0,0,0,0,0,0,0,,,
1,2,Royal Challengers Bangalore,Sunrisers Hyderabad,9,4,KM Jadhav,TM Head,BCJ Cutting,0,0,0,0,0,0,1,0,1,,,
1,2,Royal Challengers Bangalore,Sunrisers Hyderabad,9,5,TM Head,KM Jadhav,BCJ Cutting,0,0,0,0,0,0,1,0,1,,,
1,2,Royal Challengers Bangalore,Sunrisers Hyderabad,9,6,KM Jadhav,TM Head,BCJ Cutting,0,0,0,0,0,0,6,0,6,,,
1,2,Royal Challengers Bangalore,Sunrisers Hyderabad,9,7,KM Jadhav,TM Head,BCJ Cutting,0,0,0,0,0,0,1,0,1,,,
1,2,Royal Challengers Bangalore,Sunrisers Hyderabad,10,1,KM Jadhav,TM Head,MC Henriques,0,0,0,0,1,0,1,1,2,,,
1,2,Royal Challengers Bangalore,Sunrisers Hyderabad,10,2,TM Head,KM Jadhav,MC Henriques,0,0,0,0,0,0,4,0,4,,,
1,2,Royal Challengers Bangalore,Sunrisers Hyderabad,10,3,TM Head,KM Jadhav,MC Henriques,0,0,0,0,0,0,1,0,1,,,
1,2,Royal Challengers Bangalore,Sunrisers Hyderabad,10,4,KM Jadhav,TM Head,MC Henriques,0,0,0,0,0,0,1,0,1,,,
1,2,Royal Challengers Bangalore,Sunrisers Hyderabad,10,5,TM Head,KM Jadhav,MC Henriques,0,0,0,0,0,0,0,0,0,,,
1,2,Royal Challengers Bangalore,Sunrisers Hyderabad,10,6,TM Head,KM Jadhav,MC Henriques,0,0,0,0,0,0,1,0,1,,,
1,2,Royal Challengers Bangalore,Sunrisers Hyderabad,10,7,KM Jadhav,TM Head,MC Henriques,0,0,0,0,0,0,4,0,4,,,
1,2,Royal Challengers Bangalore,Sunrisers Hyderabad,11,1,TM Head,KM Jadhav,A Nehra,0,0,0,0,0,0,1,0,1,,,
1,2,Royal Challengers Bangalore,Sunrisers Hyderabad,11,2,KM Jadhav,TM Head,A Nehra,0,1,0,0,0,0,0,1,1,,,
1,2,Royal Challengers Bangalore,Sunrisers Hyderabad,11,3,KM Jadhav,TM Head,A Nehra,0,0,0,0,0,0,1,0,1,,,
1,2,Royal Challengers Bangalore,Sunrisers Hyderabad,11,4,TM Head,KM Jadhav,A Nehra,0,0,0,0,0,0,1,0,1,,,
1,2,Royal Challengers Bangalore,Sunrisers Hyderabad,11,5,KM Jadhav,TM Head,A Nehra,0,0,0,0,0,0,4,0,4,,,
1,2,Royal Challengers Bangalore,Sunrisers Hyderabad,11,6,KM Jadhav,TM Head,A Nehra,0,0,0,0,0,0,4,0,4,,,
1,2,Royal Challengers Bangalore,Sunrisers Hyderabad,11,7,KM Jadhav,TM Head,A Nehra,0,0,0,0,0,0,1,0,1,,,
1,2,Royal Challengers Bangalore,Sunrisers Hyderabad,12,1,KM Jadhav,TM Head,MC Henriques,0,0,0,0,0,0,1,0,1,,,
1,2,Royal Challengers Bangalore,Sunrisers Hyderabad,12,2,TM Head,KM Jadhav,MC Henriques,0,0,0,0,0,0,2,0,2,,,
1,2,Royal Challengers Bangalore,Sunrisers Hyderabad,12,3,TM Head,KM Jadhav,MC Henriques,0,0,0,0,0,0,1,0,1,,,
1,2,Royal Challengers Bangalore,Sunrisers Hyderabad,12,4,KM Jadhav,TM Head,MC Henriques,0,0,0,0,0,0,1,0,1,KM Jadhav,run out,BCJ Cutting
1,2,Royal Challengers Bangalore,Sunrisers Hyderabad,12,5,SR Watson,TM Head,MC Henriques,0,0,0,0,0,0,1,0,1,,,
1,2,Royal Challengers Bangalore,Sunrisers Hyderabad,12,6,TM Head,SR Watson,MC Henriques,0,0,0,0,0,0,1,0,1,,,
1,2,Royal Challengers Bangalore,Sunrisers Hyderabad,13,1,TM Head,SR Watson,Rashid Khan,0,0,0,0,0,0,1,0,1,,,
1,2,Royal Challengers Bangalore,Sunrisers Hyderabad,13,2,SR Watson,TM Head,Rashid Khan,0,0,0,0,0,0,2,0,2,,,
1,2,Royal Challengers Bangalore,Sunrisers Hyderabad,13,3,SR Watson,TM Head,Rashid Khan,0,0,0,0,0,0,1,0,1,,,
1,2,Royal Challengers Bangalore,Sunrisers Hyderabad,13,4,TM Head,SR Watson,Rashid Khan,0,0,0,0,0,0,4,0,4,,,
1,2,Royal Challengers Bangalore,Sunrisers Hyderabad,13,5,TM Head,SR Watson,Rashid Khan,0,0,0,0,0,0,0,0,0,TM Head,caught,Yuvraj Singh
1,2,Royal Challengers Bangalore,Sunrisers Hyderabad,13,6,SR Watson,Sachin Baby,Rashid Khan,0,0,0,0,0,0,0,0,0,,,
1,2,Royal Challengers Bangalore,Sunrisers Hyderabad,14,1,Sachin Baby,SR Watson,Bipul Sharma,0,0,0,0,0,0,0,0,0,,,
1,2,Royal Challengers Bangalore,Sunrisers Hyderabad,14,2,Sachin Baby,SR Watson,Bipul Sharma,0,0,0,0,0,0,1,0,1,,,
1,2,Royal Challengers Bangalore,Sunrisers Hyderabad,14,3,SR Watson,Sachin Baby,Bipul Sharma,0,0,0,0,0,0,1,0,1,,,
1,2,Royal Challengers Bangalore,Sunrisers Hyderabad,14,4,Sachin Baby,SR Watson,Bipul Sharma,0,0,0,0,0,0,0,0,0,Sachin Baby,caught,MC Henriques
1,2,Royal Challengers Bangalore,Sunrisers Hyderabad,14,5,SR Watson,STR Binny,Bipul Sharma,0,0,0,0,0,0,1,0,1,,,
1,2,Royal Challengers Bangalore,Sunrisers Hyderabad,14,6,STR Binny,SR Watson,Bipul Sharma,0,0,0,0,0,0,1,0,1,,,
1,2,Royal Challengers Bangalore,Sunrisers Hyderabad,15,1,STR Binny,SR Watson,Rashid Khan,0,0,0,0,0,0,1,0,1,,,
1,2,Royal Challengers Bangalore,Sunrisers Hyderabad,15,2,SR Watson,STR Binny,Rashid Khan,0,0,0,0,0,0,1,0,1,,,
1,2,Royal Challengers Bangalore,Sunrisers Hyderabad,15,3,STR Binny,SR Watson,Rashid Khan,0,0,0,0,0,0,0,0,0,,,
1,2,Royal Challengers Bangalore,Sunrisers Hyderabad,15,4,STR Binny,SR Watson,Rashid Khan,0,0,0,0,0,0,0,0,0,,,
1,2,Royal Challengers Bangalore,Sunrisers Hyderabad,15,5,STR Binny,SR Watson,Rashid Khan,0,0,0,0,0,0,1,0,1,,,
1,2,Royal Challengers Bangalore,Sunrisers Hyderabad,15,6,SR Watson,STR Binny,Rashid Khan,0,0,0,0,0,0,6,0,6,,,
1,2,Royal Challengers Bangalore,Sunrisers Hyderabad,16,1,STR Binny,SR Watson,BCJ Cutting,0,0,0,0,0,0,0,0,0,,,
1,2,Royal Challengers Bangalore,Sunrisers Hyderabad,16,2,STR Binny,SR Watson,BCJ Cutting,0,0,0,0,0,0,6,0,6,,,
1,2,Royal Challengers Bangalore,Sunrisers Hyderabad,16,3,STR Binny,SR Watson,BCJ Cutting,0,0,0,0,0,0,1,0,1,,,
1,2,Royal Challengers Bangalore,Sunrisers Hyderabad,16,4,SR Watson,STR Binny,BCJ Cutting,0,0,0,0,0,0,0,0,0,,,
1,2,Royal Challengers Bangalore,Sunrisers Hyderabad,16,5,SR Watson,STR Binny,BCJ Cutting,0,0,0,0,0,0,4,0,4,,,
1,2,Royal Challengers Bangalore,Sunrisers Hyderabad,16,6,SR Watson,STR Binny,BCJ Cutting,0,0,0,0,0,0,1,0,1,,,
1,2,Royal Challengers Bangalore,Sunrisers Hyderabad,17,1,SR Watson,STR Binny,B Kumar,0,0,0,0,0,0,1,0,1,,,
1,2,Royal Challengers Bangalore,Sunrisers Hyderabad,17,2,STR Binny,SR Watson,B Kumar,0,0,0,0,0,0,1,0,1,,,
1,2,Royal Challengers Bangalore,Sunrisers Hyderabad,17,3,SR Watson,STR Binny,B Kumar,0,0,0,0,0,0,0,0,0,,,
1,2,Royal Challengers Bangalore,Sunrisers Hyderabad,17,4,SR Watson,STR Binny,B Kumar,0,0,0,0,0,0,1,0,1,,,
1,2,Royal Challengers Bangalore,Sunrisers Hyderabad,17,5,STR Binny,SR Watson,B Kumar,0,0,0,0,0,0,0,0,0,STR Binny,caught,Yuvraj Singh
1,2,Royal Challengers Bangalore,Sunrisers Hyderabad,17,6,S Aravind,SR Watson,B Kumar,0,0,0,0,0,0,0,0,0,,,
1,2,Royal Challengers Bangalore,Sunrisers Hyderabad,18,1,SR Watson,S Aravind,A Nehra,0,0,0,0,0,0,2,0,2,,,
1,2,Royal Challengers Bangalore,Sunrisers Hyderabad,18,2,SR Watson,S Aravind,A Nehra,0,0,0,0,0,0,0,0,0,,,
1,2,Royal Challengers Bangalore,Sunrisers Hyderabad,18,3,SR Watson,S Aravind,A Nehra,0,0,0,0,0,0,0,0,0,SR Watson,caught,MC Henriques
1,2,Royal Challengers Bangalore,Sunrisers Hyderabad,18,4,S Aravind,TS Mills,A Nehra,0,0,0,0,0,0,0,0,0,S Aravind,bowled,
1,2,Royal Challengers Bangalore,Sunrisers Hyderabad,18,5,YS Chahal,TS Mills,A Nehra,0,0,0,0,0,0,0,0,0,,,
1,2,Royal Challengers Bangalore,Sunrisers Hyderabad,18,6,YS Chahal,TS Mills,A Nehra,0,0,0,0,0,0,0,0,0,,,
1,2,Royal Challengers Bangalore,Sunrisers Hyderabad,19,1,TS Mills,YS Chahal,B Kumar,0,0,0,1,0,0,0,1,1,,,
1,2,Royal Challengers Bangalore,Sunrisers Hyderabad,19,2,YS Chahal,TS Mills,B Kumar,0,0,0,0,0,0,0,0,0,,,
1,2,Royal Challengers Bangalore,Sunrisers Hyderabad,19,3,YS Chahal,TS Mills,B Kumar,0,0,0,0,0,0,1,0,1,,,
1,2,Royal Challengers Bangalore,Sunrisers Hyderabad,19,4,TS Mills,YS Chahal,B Kumar,0,0,0,0,0,0,6,0,6,,,
1,2,Royal Challengers Bangalore,Sunrisers Hyderabad,19,5,TS Mills,YS Chahal,B Kumar,0,0,0,0,0,0,0,0,0,TS Mills,caught,DA Warner
1,2,Royal Challengers Bangalore,Sunrisers Hyderabad,19,6,YS Chahal,A Choudhary,B Kumar,0,0,0,0,0,0,1,0,1,,,
1,2,Royal Challengers Bangalore,Sunrisers Hyderabad,20,1,YS Chahal,A Choudhary,BCJ Cutting,0,0,0,0,0,0,0,0,0,,,
1,2,Royal Challengers Bangalore,Sunrisers Hyderabad,20,2,YS Chahal,A Choudhary,BCJ Cutting,0,0,0,0,0,0,1,0,1,,,
1,2,Royal Challengers Bangalore,Sunrisers Hyderabad,20,3,A Choudhary,YS Chahal,BCJ Cutting,0,0,0,0,0,0,6,0,6,,,
1,2,Royal Challengers Bangalore,Sunrisers Hyderabad,20,4,A Choudhary,YS Chahal,BCJ Cutting,0,0,0,0,0,0,0,0,0,YS Chahal,run out,CJ Jordan (sub)
34,1,Gujarat Lions,Mumbai Indians,1,1,Ishan Kishan,BB McCullum,MJ McClenaghan,0,1,0,0,0,0,0,1,1,,,
34,1,Gujarat Lions,Mumbai Indians,1,2,Ishan Kishan,BB McCullum,MJ McClenaghan,0,0,0,0,0,0,0,0,0,,,
34,1,Gujarat Lions,Mumbai Indians,1,3,Ishan Kishan,BB McCullum,MJ McClenaghan,0,0,0,0,0,0,0,0,0,,,
34,1,Gujarat Lions,Mumbai Indians,1,4,Ishan Kishan,BB McCullum,MJ McClenaghan,0,0,0,0,0,0,4,0,4,,,
34,1,Gujarat Lions,Mumbai Indians,1,5,Ishan Kishan,BB McCullum,MJ McClenaghan,0,0,0,0,0,0,0,0,0,,,
34,1,Gujarat Lions,Mumbai Indians,1,6,Ishan Kishan,BB McCullum,MJ McClenaghan,0,0,0,0,0,0,1,0,1,,,
34,1,Gujarat Lions,Mumbai Indians,1,7,BB McCullum,Ishan Kishan,MJ McClenaghan,0,0,0,0,0,0,1,0,1,,,
34,1,Gujarat Lions,Mumbai Indians,2,1,BB McCullum,Ishan Kishan,SL Malinga,0,0,0,0,0,0,1,0,1,,,
34,1,Gujarat Lions,Mumbai Indians,2,2,Ishan Kishan,BB McCullum,SL Malinga,0,1,0,0,0,0,0,1,1,,,
34,1,Gujarat Lions,Mumbai Indians,2,3,Ishan Kishan,BB McCullum,SL Malinga,0,0,0,0,0,0,0,0,0,,,
34,1,Gujarat Lions,Mumbai Indians,2,4,Ishan Kishan,BB McCullum,SL Malinga,0,0,0,0,0,0,6,0,6,,,
34,1,Gujarat Lions,Mumbai Indians,2,5,Ishan Kishan,BB McCullum,SL Malinga,0,1,0,0,0,0,0,1,1,,,
34,1,Gujarat Lions,Mumbai Indians,2,6,Ishan Kishan,BB McCullum,SL Malinga,0,0,0,0,0,0,1,0,1,,,
34,1,Gujarat Lions,Mumbai Indians,2,7,BB McCullum,Ishan Kishan,SL Malinga,0,0,0,0,0,0,4,0,4,,,
34,1,Gujarat Lions,Mumbai Indians,2,8,BB McCullum,Ishan Kishan,SL Malinga,0,0,0,0,0,0,0,0,0,BB McCullum,bowled,
34,1,Gujarat Lions,Mumbai Indians,3,1,Ishan Kishan,SK Raina,MJ McClenaghan,0,0,0,0,0,0,6,0,6,,,
34,1,Gujarat Lions,Mumbai Indians,3,2,Ishan Kishan,SK Raina,MJ McClenaghan,0,0,0,0,0,0,4,0,4,,,
34,1,Gujarat Lions,Mumbai Indians,3,3,Ishan Kishan,SK Raina,MJ McClenaghan,0,0,0,0,0,0,4,0,4,,,
34,1,Gujarat Lions,Mumbai Indians,3,4,Ishan Kishan,SK Raina,MJ McClenaghan,0,0,0,0,0,0,0,0,0,,,
34,1,Gujarat Lions,Mumbai Indians,3,5,Ishan Kishan,SK Raina,MJ McClenaghan,0,0,0,0,0,0,0,0,0,,,
34,1,Gujarat Lions,Mumbai Indians,3,6,Ishan Kishan,SK Raina,MJ McClenaghan,0,0,0,0,0,0,1,0,1,,,
34,1,Gujarat Lions,Mumbai Indians,4,1,Ishan Kishan,SK Raina,Harbhajan Singh,0,0,0,0,0,0,4,0,4,,,
34,1,Gujarat Lions,Mumbai Indians,4,2,Ishan Kishan,SK Raina,Harbhajan Singh,0,0,0,0,0,0,0,0,0,,,
34,1,Gujarat Lions,Mumbai Indians,4,3,Ishan Kishan,SK Raina,Harbhajan Singh,0,0,0,0,0,0,1,0,1,,,
34,1,Gujarat Lions,Mumbai Indians,4,4,SK Raina,Ishan Kishan,Harbhajan Singh,0,0,0,0,0,0,1,0,1,,,
34,1,Gujarat Lions,Mumbai Indians,4,5,Ishan Kishan,SK Raina,Harbhajan Singh,0,0,0,0,0,0,4,0,4,,,
34,1,Gujarat Lions,Mumbai Indians,4,6,Ishan Kishan,SK Raina,Harbhajan Singh,0,0,0,0,0,0,0,0,0,,,
34,1,Gujarat Lions,Mumbai Indians,5,1,SK Raina,Ishan Kishan,JJ Bumrah,0,0,0,0,0,0,0,0,0,,,
34,1,Gujarat Lions,Mumbai Indians,5,2,SK Raina,Ishan Kishan,JJ Bumrah,0,0,0,0,0,0,0,0,0,SK Raina,caught,KA Pollard
34,1,Gujarat Lions,Mumbai Indians,5,3,Ishan Kishan,AJ Finch,JJ Bumrah,0,0,0,0,0,0,0,0,0,,,
34,1,Gujarat Lions,Mumbai Indians,5,4,Ishan Kishan,AJ Finch,JJ Bumrah,0,0,0,0,0,0,0,0,0,,,
34,1,Gujarat Lions,Mumbai Indians,5,5,Ishan Kishan,AJ Finch,JJ Bumrah,0,0,0,0,0,0,1,0,1,,,
34,1,Gujarat Lions,Mumbai Indians,5,6,AJ Finch,Ishan Kishan,JJ Bumrah,0,0,0,0,0,0,0,0,0,,,
34,1,Gujarat Lions,Mumbai Indians,6,1,Ishan Kishan,AJ Finch,SL Malinga,0,0,0,0,0,0,0,0,0,,,
34,1,Gujarat Lions,Mumbai Indians,6,2,Ishan Kishan,AJ Finch,SL Malinga,0,0,0,0,0,0,0,0,0,,,
34,1,Gujarat Lions,Mumbai Indians,6,3,Ishan Kishan,AJ Finch,SL Malinga,0,0,0,0,0,0,1,0,1,,,
34,1,Gujarat Lions,Mumbai Indians,6,4,AJ Finch,Ishan Kishan,SL Malinga,0,0,0,0,0,0,0,0,0,,,
34,1,Gujarat Lions,Mumbai Indians,6,5,AJ Finch,Ishan Kishan,SL Malinga,0,0,0,0,0,0,0,0,0,AJ Finch,bowled,
34,1,Gujarat Lions,Mumbai Indians,6,6,KD Karthik,Ishan Kishan,SL Malinga,0,0,0,0,0,0,0,0,0,,,
34,1,Gujarat Lions,Mumbai Indians,7,1,Ishan Kishan,KD Karthik,KH Pandya,0,0,0,0,0,0,0,0,0,,,
34,1,Gujarat Lions,Mumbai Indians,7,2,Ishan Kishan,KD Karthik,KH Pandya,0,0,0,0,0,0,1,0,1,,,
34,1,Gujarat Lions,Mumbai Indians,7,3,KD Karthik,Ishan Kishan,KH Pandya,0,0,0,0,0,0,0,0,0,,,
34,1,Gujarat Lions,Mumbai Indians,7,4,KD Karthik,Ishan Kishan,KH Pandya,0,0,0,0,0,0,0,0,0,,,
34,1,Gujarat Lions,Mumbai Indians,7,5,KD Karthik,Ishan Kishan,KH Pandya,0,0,0,1,0,0,0,1,1,,,
34,1,Gujarat Lions,Mumbai Indians,7,6,Ishan Kishan,KD Karthik,KH Pandya,0,0,0,0,0,0,1,0,1,,,
34,1,Gujarat Lions,Mumbai Indians,8,1,Ishan Kishan,KD Karthik,Harbhajan Singh,0,0,0,0,0,0,0,0,0,,,
34,1,Gujarat Lions,Mumbai Indians,8,2,Ishan Kishan,KD Karthik,Harbhajan Singh,0,0,0,0,0,0,1,0,1,,,
34,1,Gujarat Lions,Mumbai Indians,8,3,KD Karthik,Ishan Kishan,Harbhajan Singh,0,0,0,0,0,0,0,0,0,,,
34,1,Gujarat Lions,Mumbai Indians,8,4,KD Karthik,Ishan Kishan,Harbhajan Singh,0,0,0,0,0,0,1,0,1,,,
34,1,Gujarat Lions,Mumbai Indians,8,5,Ishan Kishan,KD Karthik,Harbhajan Singh,0,0,0,0,0,0,1,0,1,,,
34,1,Gujarat Lions,Mumbai Indians,8,6,KD Karthik,Ishan Kishan,Harbhajan Singh,0,0,0,0,0,0,1,0,1,,,
34,1,Gujarat Lions,Mumbai Indians,9,1,KD Karthik,Ishan Kishan,KH Pandya,0,0,0,0,0,0,0,0,0,,,
34,1,Gujarat Lions,Mumbai Indians,9,2,KD Karthik,Ishan Kishan,KH Pandya,0,1,0,0,0,0,0,1,1,KD Karthik,stumped,PA Patel
34,1,Gujarat Lions,Mumbai Indians,9,3,RA Jadeja,Ishan Kishan,KH Pandya,0,0,0,0,0,0,0,0,0,,,
34,1,Gujarat Lions,Mumbai Indians,9,4,RA Jadeja,Ishan Kishan,KH Pandya,0,0,0,0,0,0,0,0,0,,,
34,1,Gujarat Lions,Mumbai Indians,9,5,RA Jadeja,Ishan Kishan,KH Pandya,0,0,0,0,0,0,6,0,6,,,
34,1,Gujarat Lions,Mumbai Indians,9,6,RA Jadeja,Ishan Kishan,KH Pandya,0,0,0,0,0,0,0,0,0,,,
34,1,Gujarat Lions,Mumbai Indians,9,7,RA Jadeja,Ishan Kishan,KH Pandya,0,0,0,0,0,0,0,0,0,,,
34,1,Gujarat Lions,Mumbai Indians,10,1,Ishan Kishan,RA Jadeja,Harbhajan Singh,0,0,0,0,0,0,1,0,1,,,
34,1,Gujarat Lions,Mumbai Indians,10,2,RA Jadeja,Ishan Kishan,Harbhajan Singh,0,0,0,0,0,0,1,0,1,,,
34,1,Gujarat Lions,Mumbai Indians,10,3,Ishan Kishan,RA Jadeja,Harbhajan Singh,0,0,0,0,0,0,1,0,1,,,
34,1,Gujarat Lions,Mumbai Indians,10,4,RA Jadeja,Ishan Kishan,Harbhajan Singh,0,0,0,0,0,0,0,0,0,,,
34,1,Gujarat Lions,Mumbai Indians,10,5,RA Jadeja,Ishan Kishan,Harbhajan Singh,0,0,0,0,0,0,1,0,1,,,
34,1,Gujarat Lions,Mumbai Indians,10,6,Ishan Kishan,RA Jadeja,Harbhajan Singh,0,0,0,0,0,0,4,0,4,,,
34,1,Gujarat Lions,Mumbai Indians,11,1,RA Jadeja,Ishan Kishan,SL Malinga,0,0,0,0,0,0,2,0,2,,,
34,1,Gujarat Lions,Mumbai Indians,11,2,RA Jadeja,Ishan Kishan,SL Malinga,0,0,0,0,0,0,4,0,4,,,
34,1,Gujarat Lions,Mumbai Indians,11,3,RA Jadeja,Ishan Kishan,SL Malinga,0,0,0,0,0,0,0,0,0,,,
34,1,Gujarat Lions,Mumbai Indians,11,4,RA Jadeja,Ishan Kishan,SL Malinga,0,0,0,0,0,0,2,0,2,,,
34,1,Gujarat Lions,Mumbai Indians,11,5,RA Jadeja,Ishan Kishan,SL Malinga,0,1,0,0,0,0,0,1,1,,,
34,1,Gujarat Lions,Mumbai Indians,11,6,RA Jadeja,Ishan Kishan,SL Malinga,0,0,0,0,0,0,2,0,2,,,
34,1,Gujarat Lions,Mumbai Indians,11,7,RA Jadeja,Ishan Kishan,SL Malinga,0,0,0,0,0,0,2,0,2,,,
34,1,Gujarat Lions,Mumbai Indians,12,1,Ishan Kishan,RA Jadeja,Harbhajan Singh,0,0,0,0,0,0,0,0,0,Ishan Kishan,caught,KA Pollard
34,1,Gujarat Lions,Mumbai Indians,12,2,JP Faulkner,RA Jadeja,Harbhajan Singh,0,0,0,0,0,0,0,0,0,,,
34,1,Gujarat Lions,Mumbai Indians,12,3,JP Faulkner,RA Jadeja,Harbhajan Singh,0,0,0,0,0,0,0,0,0,,,
34,1,Gujarat Lions,Mumbai Indians,12,4,JP Faulkner,RA Jadeja,Harbhajan Singh,0,1,0,0,0,0,0,1,1,,,
34,1,Gujarat Lions,Mumbai Indians,12,5,JP Faulkner,RA Jadeja,Harbhajan Singh,0,0,0,0,0,0,0,0,0,,,
34,1,Gujarat Lions,Mumbai Indians,12,6,JP Faulkner,RA Jadeja,Harbhajan Singh,0,0,0,0,0,0,0,0,0,,,
34,1,Gujarat Lions,Mumbai Indians,12,7,JP Faulkner,RA Jadeja,Harbhajan Singh,0,0,0,0,0,0,0,0,0,,,
34,1,Gujarat Lions,Mumbai Indians,13,1,RA Jadeja,JP Faulkner,JJ Bumrah,0,0,0,0,0,0,0,0,0,,,
34,1,Gujarat Lions,Mumbai Indians,13,2,RA Jadeja,JP Faulkner,JJ Bumrah,0,0,0,0,0,0,1,0,1,,,
34,1,Gujarat Lions,Mumbai Indians,13,3,JP Faulkner,RA Jadeja,JJ Bumrah,0,0,0,0,0,0,1,0,1,,,
34,1,Gujarat Lions,Mumbai Indians,13,4,RA Jadeja,JP Faulkner,JJ Bumrah,0,0,0,0,0,0,0,0,0,,,
34,1,Gujarat Lions,Mumbai Indians,13,5,RA Jadeja,JP Faulkner,JJ Bumrah,0,0,0,0,0,0,4,0,4,,,
34,1,Gujarat Lions,Mumbai Indians,13,6,RA Jadeja,JP Faulkner,JJ Bumrah,0,0,0,0,0,0,2,0,2,,,
34,1,Gujarat Lions,Mumbai Indians,14,1,JP Faulkner,RA Jadeja,KH Pandya,0,0,0,0,0,0,0,0,0,,,
34,1,Gujarat Lions,Mumbai Indians,14,2,JP Faulkner,RA Jadeja,KH Pandya,0,0,0,0,0,0,1,0,1,,,
34,1,Gujarat Lions,Mumbai Indians,14,3,RA Jadeja,JP Faulkner,KH Pandya,0,0,0,0,0,0,1,0,1,,,
34,1,Gujarat Lions,Mumbai Indians,14,4,JP Faulkner,RA Jadeja,KH Pandya,0,0,0,0,0,0,1,0,1,,,
34,1,Gujarat Lions,Mumbai Indians,14,5,RA Jadeja,JP Faulkner,KH Pandya,0,0,0,0,0,0,0,0,0,RA Jadeja,caught and bowled,
34,1,Gujarat Lions,Mumbai Indians,14,6,JP Faulkner,IK Pathan,KH Pandya,0,0,0,0,0,0,0,0,0,,,
34,1,Gujarat Lions,Mumbai Indians,15,1,IK Pathan,JP Faulkner,SL Malinga,0,0,0,0,0,0,1,0,1,,,
34,1,Gujarat Lions,Mumbai Indians,15,2,JP Faulkner,IK Pathan,SL Malinga,0,1,0,0,0,0,0,1,1,,,
34,1,Gujarat Lions,Mumbai Indians,15,3,JP Faulkner,IK Pathan,SL Malinga,0,0,0,0,0,0,0,0,0,,,
34,1,Gujarat Lions,Mumbai Indians,15,4,JP Faulkner,IK Pathan,SL Malinga,0,0,0,0,0,0,0,0,0,,,
34,1,Gujarat Lions,Mumbai Indians,15,5,JP Faulkner,IK Pathan,SL Malinga,0,0,0,0,0,0,1,0,1,,,
34,1,Gujarat Lions,Mumbai Indians,15,6,IK Pathan,JP Faulkner,SL Malinga,0,0,0,0,0,0,1,0,1,,,
34,1,Gujarat Lions,Mumbai Indians,15,7,JP Faulkner,IK Pathan,SL Malinga,0,0,0,0,0,0,1,0,1,,,
34,1,Gujarat Lions,Mumbai Indians,16,1,JP Faulkner,IK Pathan,KH Pandya,0,0,0,0,0,0,0,0,0,,,
34,1,Gujarat Lions,Mumbai Indians,16,2,JP Faulkner,IK Pathan,KH Pandya,0,0,0,0,0,0,0,0,0,,,
34,1,Gujarat Lions,Mumbai Indians,16,3,JP Faulkner,IK Pathan,KH Pandya,0,0,0,0,0,0,1,0,1,,,
34,1,Gujarat Lions,Mumbai Indians,16,4,IK Pathan,JP Faulkner,KH Pandya,0,0,0,0,0,0,0,0,0,IK Pathan,caught,HH Pandya
34,1,Gujarat Lions,Mumbai Indians,16,5,JP Faulkner,AJ Tye,KH Pandya,0,0,0,0,0,0,1,0,1,,,
34,1,Gujarat Lions,Mumbai Indians,16,6,AJ Tye,JP Faulkner,KH Pandya,0,0,0,0,0,0,0,0,0,,,
34,1,Gujarat Lions,Mumbai Indians,17,1,JP Faulkner,AJ Tye,JJ Bumrah,0,0,0,0,0,0,1,0,1,,,
34,1,Gujarat Lions,Mumbai Indians,17,2,AJ Tye,JP Faulkner,JJ Bumrah,0,0,0,0,0,0,1,0,1,,,
34,1,Gujarat Lions,Mumbai Indians,17,3,JP Faulkner,AJ Tye,JJ Bumrah,0,0,0,0,0,0,1,0,1,,,
34,1,Gujarat Lions,Mumbai Indians,17,4,AJ Tye,JP Faulkner,JJ Bumrah,0,0,0,0,0,0,4,0,4,,,
34,1,Gujarat Lions,Mumbai Indians,17,5,AJ Tye,JP Faulkner,JJ Bumrah,0,0,0,0,0,0,0,0,0,,,
34,1,Gujarat Lions,Mumbai Indians,17,6,AJ Tye,JP Faulkner,JJ Bumrah,0,0,0,0,0,0,1,0,1,,,
34,1,Gujarat Lions,Mumbai Indians,18,1,AJ Tye,JP Faulkner,MJ McClenaghan,0,0,0,0,0,0,1,0,1,,,
34,1,Gujarat Lions,Mumbai Indians,18,2,JP Faulkner,AJ Tye,MJ McClenaghan,0,0,0,0,0,0,4,0,4,,,
34,1,Gujarat Lions,Mumbai Indians,18,3,JP Faulkner,AJ Tye,MJ McClenaghan,0,0,0,0,0,0,1,0,1,,,
34,1,Gujarat Lions,Mumbai Indians,18,4,AJ Tye,JP Faulkner,MJ McClenaghan,0,0,0,0,0,0,6,0,6,,,
34,1,Gujarat Lions,Mumbai Indians,18,5,AJ Tye,JP Faulkner,MJ McClenaghan,0,0,0,0,0,0,6,0,6,,,
34,1,Gujarat Lions,Mumbai Indians,18,6,AJ Tye,JP Faulkner,MJ McClenaghan,0,0,0,0,0,0,1,0,1,,,
34,1,Gujarat Lions,Mumbai Indians,19,1,AJ Tye,JP Faulkner,JJ Bumrah,0,0,0,0,0,0,4,0,4,,,
34,1,Gujarat Lions,Mumbai Indians,19,2,AJ Tye,JP Faulkner,JJ Bumrah,0,0,0,0,2,0,0,2,2,,,
34,1,Gujarat Lions,Mumbai Indians,19,3,JP Faulkner,AJ Tye,JJ Bumrah,0,0,0,0,1,0,1,1,2,,,
34,1,Gujarat Lions,Mumbai Indians,19,4,AJ Tye,JP Faulkner,JJ Bumrah,0,0,0,0,0,0,1,0,1,,,
34,1,Gujarat Lions,Mumbai Indians,19,5,JP Faulkner,AJ Tye,JJ Bumrah,0,0,0,0,0,0,4,0,4,,,
34,1,Gujarat Lions,Mumbai Indians,19,6,JP Faulkner,AJ Tye,JJ Bumrah,0,0,0,0,0,0,2,0,2,,,
34,1,Gujarat Lions,Mumbai Indians,19,7,JP Faulkner,AJ Tye,JJ Bumrah,0,0,0,0,0,0,0,0,0,AJ Tye,run out,JJ Bumrah
34,1,Gujarat Lions,Mumbai Indians,19,8,JP Faulkner,Basil Thampi,JJ Bumrah,0,0,0,0,0,0,0,0,0,JP Faulkner,bowled,
34,1,Gujarat Lions,Mumbai Indians,20,1,Basil Thampi,Ankit Soni,MJ McClenaghan,0,0,0,0,0,0,0,0,0,,,
34,1,Gujarat Lions,Mumbai Indians,20,2,Basil Thampi,Ankit Soni,MJ McClenaghan,0,0,0,0,0,0,0,0,0,,,
34,1,Gujarat Lions,Mumbai Indians,20,3,Basil Thampi,Ankit Soni,MJ McClenaghan,0,0,0,0,0,0,1,0,1,,,
34,1,Gujarat Lions,Mumbai Indians,20,4,Ankit Soni,Basil Thampi,MJ McClenaghan,0,0,0,0,0,0,1,0,1,,,
34,1,Gujarat Lions,Mumbai Indians,20,5,Basil Thampi,Ankit Soni,MJ McClenaghan,0,0,0,0,0,0,1,0,1,,,
34,1,Gujarat Lions,Mumbai Indians,20,6,Ankit Soni,Basil Thampi,MJ McClenaghan,0,0,0,0,0,0,6,0,6,,,
34,2,Mumbai Indians,Gujarat Lions,1,1,PA Patel,JC Buttler,Basil Thampi,0,0,0,0,0,0,4,0,4,,,
34,2,Mumbai Indians,Gujarat Lions,1,2,PA Patel,JC Buttler,Basil Thampi,0,0,0,0,0,0,1,0,1,,,
34,2,Mumbai Indians,Gujarat Lions,1,3,JC Buttler,PA Patel,Basil Thampi,0,0,0,0,0,0,0,0,0,,,
34,2,Mumbai Indians,Gujarat Lions,1,4,JC Buttler,PA Patel,Basil Thampi,0,0,0,0,0,0,4,0,4,,,
34,2,Mumbai Indians,Gujarat Lions,1,5,JC Buttler,PA Patel,Basil Thampi,0,0,0,0,0,0,0,0,0,,,
34,2,Mumbai Indians,Gujarat Lions,1,6,JC Buttler,PA Patel,Basil Thampi,0,0,0,0,0,0,4,0,4,,,
34,2,Mumbai Indians,Gujarat Lions,2,1,PA Patel,JC Buttler,JP Faulkner,0,0,0,0,0,0,4,0,4,,,
34,2,Mumbai Indians,Gujarat Lions,2,2,PA Patel,JC Buttler,JP Faulkner,0,0,0,0,0,0,2,0,2,,,
34,2,Mumbai Indians,Gujarat Lions,2,3,PA Patel,JC Buttler,JP Faulkner,0,0,0,0,0,0,0,0,0,,,
34,2,Mumbai Indians,Gujarat Lions,2,4,PA Patel,JC Buttler,JP Faulkner,0,0,0,0,0,0,4,0,4,,,
34,2,Mumbai Indians,Gujarat Lions,2,5,PA Patel,JC Buttler,JP Faulkner,0,0,0,0,0,0,0,0,0,,,
34,2,Mumbai Indians,Gujarat Lions,2,6,PA Patel,JC Buttler,JP Faulkner,0,0,0,0,0,0,1,0,1,,,
34,2,Mumbai Indians,Gujarat Lions,3,1,PA Patel,JC Buttler,IK Pathan,0,0,0,0,0,0,0,0,0,,,
34,2,Mumbai Indians,Gujarat Lions,3,2,PA Patel,JC Buttler,IK Pathan,0,0,0,0,0,0,4,0,4,,,
34,2,Mumbai Indians,Gujarat Lions,3,3,PA Patel,JC Buttler,IK Pathan,0,0,0,0,0,0,6,0,6,,,
34,2,Mumbai Indians,Gujarat Lions,3,4,PA Patel,JC Buttler,IK Pathan,0,0,0,0,0,0,0,0,0,,,
34,2,Mumbai Indians,Gujarat Lions,3,5,PA Patel,JC Buttler,IK Pathan,0,0,0,0,0,0,2,0,2,,,
34,2,Mumbai Indians,Gujarat Lions,3,6,PA Patel,JC Buttler,IK Pathan,0,0,0,0,0,0,4,0,4,,,
34,2,Mumbai Indians,Gujarat Lions,4,1,JC Buttler,PA Patel,Ankit Soni,0,0,0,0,0,0,0,0,0,,,
34,2,Mumbai Indians,Gujarat Lions,4,2,JC Buttler,PA Patel,Ankit Soni,0,0,0,0,0,0,0,0,0,,,
34,2,Mumbai Indians,Gujarat Lions,4,3,JC Buttler,PA Patel,Ankit Soni,0,0,0,0,0,0,1,0,1,,,
34,2,Mumbai Indians,Gujarat Lions,4,4,PA Patel,JC Buttler,Ankit Soni,0,0,0,0,0,0,2,0,2,,,
34,2,Mumbai Indians,Gujarat Lions,4,5,PA Patel,JC Buttler,Ankit Soni,0,0,0,0,0,0,0,0,0,,,
34,2,Mumbai Indians,Gujarat Lions,4,6,PA Patel,JC Buttler,Ankit Soni,0,0,0,0,0,0,0,0,0,JC Buttler,run out,JP Faulkner
34,2,Mumbai Indians,Gujarat Lions,5,1,PA Patel,N Rana,SK Raina,0,0,0,0,0,0,0,0,0,,,
34,2,Mumbai Indians,Gujarat Lions,5,2,PA Patel,N Rana,SK Raina,0,0,0,0,0,0,1,0,1,,,
34,2,Mumbai Indians,Gujarat Lions,5,3,N Rana,PA Patel,SK Raina,0,0,0,0,0,0,0,0,0,,,
34,2,Mumbai Indians,Gujarat Lions,5,4,N Rana,PA Patel,SK Raina,0,0,0,0,0,0,6,0,6,,,
34,2,Mumbai Indians,Gujarat Lions,5,5,N Rana,PA Patel,SK Raina,0,0,0,0,0,0,1,0,1,,,
34,2,Mumbai Indians,Gujarat Lions,5,6,PA Patel,N Rana,SK Raina,0,0,0,0,0,0,1,0,1,,,
34,2,Mumbai Indians,Gujarat Lions,6,1,PA Patel,N Rana,AJ Tye,0,0,0,0,0,0,4,0,4,,,
34,2,Mumbai Indians,Gujarat Lions,6,2,PA Patel,N Rana,AJ Tye,0,0,0,0,0,0,2,0,2,,,
34,2,Mumbai Indians,Gujarat Lions,6,3,PA Patel,N Rana,AJ Tye,0,0,0,0,0,0,0,0,0,,,
34,2,Mumbai Indians,Gujarat Lions,6,4,PA Patel,N Rana,AJ Tye,0,0,0,0,0,0,0,0,0,,,
34,2,Mumbai Indians,Gujarat Lions,6,5,PA Patel,N Rana,AJ Tye,0,0,0,0,0,0,1,0,1,,,
34,2,Mumbai Indians,Gujarat Lions,6,6,N Rana,PA Patel,AJ Tye,0,0,0,0,0,0,2,0,2,,,
34,2,Mumbai Indians,Gujarat Lions,7,1,PA Patel,N Rana,SK Raina,0,0,0,0,0,0,2,0,2,,,
34,2,Mumbai Indians,Gujarat Lions,7,2,PA Patel,N Rana,SK Raina,0,0,0,0,0,0,1,0,1,,,
34,2,Mumbai Indians,Gujarat Lions,7,3,N Rana,PA Patel,SK Raina,0,0,0,0,0,0,1,0,1,,,
34,2,Mumbai Indians,Gujarat Lions,7,4,PA Patel,N Rana,SK Raina,0,0,0,0,0,0,1,0,1,,,
34,2,Mumbai Indians,Gujarat Lions,7,5,N Rana,PA Patel,SK Raina,0,0,0,0,0,0,1,0,1,,,
34,2,Mumbai Indians,Gujarat Lions,7,6,PA Patel,N Rana,SK Raina,0,0,0,0,0,0,1,0,1,,,
34,2,Mumbai Indians,Gujarat Lions,8,1,PA Patel,N Rana,Ankit Soni,0,0,0,0,0,0,1,0,1,,,
34,2,Mumbai Indians,Gujarat Lions,8,2,N Rana,PA Patel,Ankit Soni,0,0,0,0,0,0,1,0,1,,,
34,2,Mumbai Indians,Gujarat Lions,8,3,PA Patel,N Rana,Ankit Soni,0,0,0,0,0,0,0,0,0,,,
34,2,Mumbai Indians,Gujarat Lions,8,4,PA Patel,N Rana,Ankit Soni,0,1,0,0,0,0,0,1,1,,,
34,2,Mumbai Indians,Gujarat Lions,8,5,PA Patel,N Rana,Ankit Soni,0,0,0,0,0,0,1,0,1,,,
34,2,Mumbai Indians,Gujarat Lions,8,6,N Rana,PA Patel,Ankit Soni,0,0,0,0,0,0,0,0,0,,,
34,2,Mumbai Indians,Gujarat Lions,8,7,N Rana,PA Patel,Ankit Soni,0,0,0,0,0,0,0,0,0,,,
34,2,Mumbai Indians,Gujarat Lions,9,1,PA Patel,N Rana,SK Raina,0,0,0,0,0,0,1,0,1,,,
34,2,Mumbai Indians,Gujarat Lions,9,2,N Rana,PA Patel,SK Raina,0,0,0,0,0,0,1,0,1,,,
34,2,Mumbai Indians,Gujarat Lions,9,3,PA Patel,N Rana,SK Raina,0,0,0,0,0,0,1,0,1,,,
34,2,Mumbai Indians,Gujarat Lions,9,4,N Rana,PA Patel,SK Raina,0,0,0,0,0,0,0,0,0,,,
34,2,Mumbai Indians,Gujarat Lions,9,5,N Rana,PA Patel,SK Raina,0,0,0,0,0,0,0,0,0,,,
34,2,Mumbai Indians,Gujarat Lions,9,6,N Rana,PA Patel,SK Raina,0,0,0,0,0,0,1,0,1,,,
34,2,Mumbai Indians,Gujarat Lions,10,1,N Rana,PA Patel,Ankit Soni,0,0,0,0,0,0,4,0,4,,,
34,2,Mumbai Indians,Gujarat Lions,10,2,N Rana,PA Patel,Ankit Soni,0,0,0,0,0,0,1,0,1,,,
34,2,Mumbai Indians,Gujarat Lions,10,3,PA Patel,N Rana,Ankit Soni,0,0,0,0,0,0,1,0,1,,,
34,2,Mumbai Indians,Gujarat Lions,10,4,N Rana,PA Patel,Ankit Soni,0,0,0,0,0,0,0,0,0,N Rana,lbw,
34,2,Mumbai Indians,Gujarat Lions,10,5,RG Sharma,PA Patel,Ankit Soni,0,0,0,0,0,0,0,0,0,,,
34,2,Mumbai Indians,Gujarat Lions,10,6,RG Sharma,PA Patel,Ankit Soni,0,0,0,0,0,0,0,0,0,,,
34,2,Mumbai Indians,Gujarat Lions,11,1,PA Patel,RG Sharma,SK Raina,0,0,0,0,0,0,4,0,4,,,
34,2,Mumbai Indians,Gujarat Lions,11,2,PA Patel,RG Sharma,SK Raina,0,0,0,0,0,0,0,0,0,,,
34,2,Mumbai Indians,Gujarat Lions,11,3,PA Patel,RG Sharma,SK Raina,0,0,0,0,0,0,2,0,2,,,
34,2,Mumbai Indians,Gujarat Lions,11,4,PA Patel,RG Sharma,SK Raina,0,0,0,0,0,0,1,0,1,,,
34,2,Mumbai Indians,Gujarat Lions,11,5,RG Sharma,PA Patel,SK Raina,0,0,0,0,0,0,0,0,0,,,
34,2,Mumbai Indians,Gujarat Lions,11,6,RG Sharma,PA Patel,SK Raina,0,0,0,0,0,0,1,0,1,,,
34,2,Mumbai Indians,Gujarat Lions,12,1,RG Sharma,PA Patel,Ankit Soni,0,0,0,0,0,0,0,0,0,,,
34,2,Mumbai Indians,Gujarat Lions,12,2,RG Sharma,PA Patel,Ankit Soni,0,0,0,0,0,0,1,0,1,,,
34,2,Mumbai Indians,Gujarat Lions,12,3,PA Patel,RG Sharma,Ankit Soni,0,0,0,0,0,0,1,0,1,,,
34,2,Mumbai Indians,Gujarat Lions,12,4,RG Sharma,PA Patel,Ankit Soni,0,0,0,0,0,0,0,0,0,,,
34,2,Mumbai Indians,Gujarat Lions,12,5,RG Sharma,PA Patel,Ankit Soni,0,0,0,0,0,0,0,0,0,,,
34,2,Mumbai Indians,Gujarat Lions,12,6,RG Sharma,PA Patel,Ankit Soni,0,0,0,0,0,0,1,0,1,,,
34,2,Mumbai Indians,Gujarat Lions,13,1,RG Sharma,PA Patel,RA Jadeja,0,0,0,0,0,0,0,0,0,,,
34,2,Mumbai Indians,Gujarat Lions,13,2,RG Sharma,PA Patel,RA Jadeja,0,0,0,0,0,0,1,0,1,,,
34,2,Mumbai Indians,Gujarat Lions,13,3,PA Patel,RG Sharma,RA Jadeja,0,0,0,0,0,0,1,0,1,,,
34,2,Mumbai Indians,Gujarat Lions,13,4,RG Sharma,PA Patel,RA Jadeja,0,0,0,0,0,0,1,0,1,,,
34,2,Mumbai Indians,Gujarat Lions,13,5,PA Patel,RG Sharma,RA Jadeja,0,0,0,0,0,0,4,0,4,,,
34,2,Mumbai Indians,Gujarat Lions,13,6,PA Patel,RG Sharma,RA Jadeja,0,0,0,0,0,0,4,0,4,,,
34,2,Mumbai Indians,Gujarat Lions,14,1,RG Sharma,PA Patel,JP Faulkner,0,0,0,0,0,0,0,0,0,RG Sharma,caught,KD Karthik
34,2,Mumbai Indians,Gujarat Lions,14,2,KA Pollard,PA Patel,JP Faulkner,0,0,0,0,0,0,4,0,4,,,
34,2,Mumbai Indians,Gujarat Lions,14,3,KA Pollard,PA Patel,JP Faulkner,0,0,0,0,0,0,0,0,0,,,
34,2,Mumbai Indians,Gujarat Lions,14,4,KA Pollard,PA Patel,JP Faulkner,0,0,0,0,0,0,1,0,1,,,
34,2,Mumbai Indians,Gujarat Lions,14,5,PA Patel,KA Pollard,JP Faulkner,0,0,0,0,0,0,0,0,0,PA Patel,caught,KD Karthik
34,2,Mumbai Indians,Gujarat Lions,14,6,KH Pandya,KA Pollard,JP Faulkner,0,0,0,0,0,0,0,0,0,,,
34,2,Mumbai Indians,Gujarat Lions,15,1,KA Pollard,KH Pandya,Basil Thampi,0,0,0,0,0,0,1,0,1,,,
34,2,Mumbai Indians,Gujarat Lions,15,2,KH Pandya,KA Pollard,Basil Thampi,0,0,0,0,0,0,1,0,1,,,
34,2,Mumbai Indians,Gujarat Lions,15,3,KA Pollard,KH Pandya,Basil Thampi,0,0,0,0,0,0,1,0,1,,,
34,2,Mumbai Indians,Gujarat Lions,15,4,KH Pandya,KA Pollard,Basil Thampi,0,0,0,0,0,0,0,0,0,,,
34,2,Mumbai Indians,Gujarat Lions,15,5,KH Pandya,KA Pollard,Basil Thampi,0,0,0,0,0,0,1,0,1,,,
34,2,Mumbai Indians,Gujarat Lions,15,6,KA Pollard,KH Pandya,Basil Thampi,0,0,0,0,0,0,1,0,1,,,
34,2,Mumbai Indians,Gujarat Lions,16,1,KA Pollard,KH Pandya,JP Faulkner,0,0,0,0,0,0,1,0,1,,,
34,2,Mumbai Indians,Gujarat Lions,16,2,KH Pandya,KA Pollard,JP Faulkner,0,0,0,0,0,0,4,0,4,,,
34,2,Mumbai Indians,Gujarat Lions,16,3,KH Pandya,KA Pollard,JP Faulkner,0,0,0,0,0,0,1,0,1,,,
34,2,Mumbai Indians,Gujarat Lions,16,4,KA Pollard,KH Pandya,JP Faulkner,0,0,0,0,0,0,1,0,1,,,
34,2,Mumbai Indians,Gujarat Lions,16,5,KH Pandya,KA Pollard,JP Faulkner,0,0,0,0,0,0,1,0,1,,,
34,2,Mumbai Indians,Gujarat Lions,16,6,KA Pollard,KH Pandya,JP Faulkner,0,0,0,0,0,0,1,0,1,,,
34,2,Mumbai Indians,Gujarat Lions,17,1,KA Pollard,KH Pandya,Basil Thampi,0,0,0,0,0,0,4,0,4,,,
34,2,Mumbai Indians,Gujarat Lions,17,2,KA Pollard,KH Pandya,Basil Thampi,0,0,0,0,0,0,0,0,0,KA Pollard,caught,BB McCullum
34,2,Mumbai Indians,Gujarat Lions,17,3,HH Pandya,KH Pandya,Basil Thampi,0,0,0,0,0,0,1,0,1,,,
34,2,Mumbai Indians,Gujarat Lions,17,4,KH Pandya,HH Pandya,Basil Thampi,0,0,0,0,0,0,0,0,0,,,
34,2,Mumbai Indians,Gujarat Lions,17,5,KH Pandya,HH Pandya,Basil Thampi,0,0,0,0,0,0,1,0,1,,,
34,2,Mumbai Indians,Gujarat Lions,17,6,HH Pandya,KH Pandya,Basil Thampi,0,0,0,0,0,0,1,0,1,,,
34,2,Mumbai Indians,Gujarat Lions,18,1,HH Pandya,KH Pandya,JP Faulkner,0,0,0,0,0,0,1,0,1,,,
34,2,Mumbai Indians,Gujarat Lions,18,2,KH Pandya,HH Pandya,JP Faulkner,0,0,0,0,0,0,0,0,0,,,
34,2,Mumbai Indians,Gujarat Lions,18,3,KH Pandya,HH Pandya,JP Faulkner,0,0,0,0,0,0,1,0,1,,,
34,2,Mumbai Indians,Gujarat Lions,18,4,HH Pandya,KH Pandya,JP Faulkner,0,0,0,0,0,0,1,0,1,,,
34,2,Mumbai Indians,Gujarat Lions,18,5,KH Pandya,HH Pandya,JP Faulkner,0,0,0,0,0,0,2,0,2,,,
34,2,Mumbai Indians,Gujarat Lions,18,6,KH Pandya,HH Pandya,JP Faulkner,0,0,0,0,0,0,4,0,4,,,
34,2,Mumbai Indians,Gujarat Lions,19,1,HH Pandya,KH Pandya,Basil Thampi,0,0,0,0,0,0,0,0,0,HH Pandya,caught,Ishan Kishan
34,2,Mumbai Indians,Gujarat Lions,19,2,KH Pandya,Harbhajan Singh,Basil Thampi,0,0,0,0,0,0,0,0,0,,,
34,2,Mumbai Indians,Gujarat Lions,19,3,KH Pandya,Harbhajan Singh,Basil Thampi,0,0,0,0,0,0,2,0,2,,,
34,2,Mumbai Indians,Gujarat Lions,19,4,KH Pandya,Harbhajan Singh,Basil Thampi,0,0,0,0,0,0,1,0,1,,,
34,2,Mumbai Indians,Gujarat Lions,19,5,Harbhajan Singh,KH Pandya,Basil Thampi,0,0,0,0,0,0,0,0,0,Harbhajan Singh,lbw,
34,2,Mumbai Indians,Gujarat Lions,19,6,MJ McClenaghan,KH Pandya,Basil Thampi,0,0,0,0,0,0,1,0,1,MJ McClenaghan,run out,IK Pathan
34,2,Mumbai Indians,Gujarat Lions,20,1,KH Pandya,JJ Bumrah,IK Pathan,0,0,0,0,0,0,6,0,6,,,
34,2,Mumbai Indians,Gujarat Lions,20,2,KH Pandya,JJ Bumrah,IK Pathan,0,0,0,0,0,0,1,0,1,,,
34,2,Mumbai Indians,Gujarat Lions,20,3,JJ Bumrah,KH Pandya,IK Pathan,0,0,0,0,0,0,0,0,0,JJ Bumrah,run out,RA Jadeja
34,2,Mumbai Indians,Gujarat Lions,20,4,KH Pandya,SL Malinga,IK Pathan,0,0,0,0,0,0,2,0,2,,,
34,2,Mumbai Indians,Gujarat Lions,20,5,KH Pandya,SL Malinga,IK Pathan,0,0,0,0,0,0,1,0,1,,,
34,2,Mumbai Indians,Gujarat Lions,20,6,SL Malinga,KH Pandya,IK Pathan,0,0,0,0,0,0,0,0,0,KH Pandya,run out,RA Jadeja
34,3,Mumbai Indians,Gujarat Lions,1,1,JC Buttler,KA Pollard,JP Faulkner,1,0,0,0,0,0,1,0,1,,,
34,3,Mumbai Indians,Gujarat Lions,1,2,KA Pollard,JC Buttler,JP Faulkner,1,0,0,0,0,0,4,0,4,,,
34,3,Mumbai Indians,Gujarat Lions,1,3,KA Pollard,JC Buttler,JP Faulkner,1,0,0,0,0,0,6,0,6,,,
34,3,Mumbai Indians,Gujarat Lions,1,4,KA Pollard,JC Buttler,JP Faulkner,1,0,0,0,0,0,0,0,0,KA Pollard,caught,AJ Finch
34,3,Mumbai Indians,Gujarat Lions,1,5,JC Buttler,RG Sharma,JP Faulkner,1,0,0,0,0,0,0,0,0,JC Buttler,caught,Ishan Kishan
34,4,Gujarat Lions,Mumbai Indians,1,1,AJ Finch,BB McCullum,JJ Bumrah,1,0,0,0,1,0,0,1,1,,,
34,4,Gujarat Lions,Mumbai Indians,1,2,AJ Finch,BB McCullum,JJ Bumrah,1,0,0,1,0,0,0,1,1,,,
34,4,Gujarat Lions,Mumbai Indians,1,3,BB McCullum,AJ Finch,JJ Bumrah,1,1,0,0,0,0,0,1,1,,,
34,4,Gujarat Lions,Mumbai Indians,1,4,BB McCullum,AJ Finch,JJ Bumrah,1,0,0,0,0,0,0,0,0,,,
34,4,Gujarat Lions,Mumbai Indians,1,5,BB McCullum,AJ Finch,JJ Bumrah,1,0,1,0,0,0,0,1,1,,,
34,4,Gujarat Lions,Mumbai Indians,1,6,AJ Finch,BB McCullum,JJ Bumrah,1,0,0,0,0,0,0,0,0,,,
34,4,Gujarat Lions,Mumbai Indians,1,7,AJ Finch,BB McCullum,JJ Bumrah,1,0,0,0,0,0,1,0,1,,,
34,4,Gujarat Lions,Mumbai Indians,1,8,BB McCullum,AJ Finch,JJ Bumrah,1,0,0,0,0,0,1,0,1,,,
54,1,Kings XI Punjab,Rising Pune Supergiant,1,1,MJ Guptill,WP Saha,JD Unadkat,0,0,0,0,0,0,0,0,0,MJ Guptill,caught,MK Tiwary
54,1,Kings XI Punjab,Rising Pune Supergiant,1,2,SE Marsh,WP Saha,JD Unadkat,0,0,0,0,0,0,0,0,0,,,
54,1,Kings XI Punjab,Rising Pune Supergiant,1,3,SE Marsh,WP Saha,JD Unadkat,0,0,0,0,0,0,0,0,0,,,
54,1,Kings XI Punjab,Rising Pune Supergiant,1,4,SE Marsh,WP Saha,JD Unadkat,0,0,0,0,0,0,0,0,0,,,
54,1,Kings XI Punjab,Rising Pune Supergiant,1,5,SE Marsh,WP Saha,JD Unadkat,0,0,0,0,0,0,4,0,4,,,
54,1,Kings XI Punjab,Rising Pune Supergiant,1,6,SE Marsh,WP Saha,JD Unadkat,0,0,0,0,0,0,0,0,0,,,
54,1,Kings XI Punjab,Rising Pune Supergiant,2,1,WP Saha,SE Marsh,SN Thakur,0,0,0,0,0,0,1,0,1,,,
54,1,Kings XI Punjab,Rising Pune Supergiant,2,2,SE Marsh,WP Saha,SN Thakur,0,0,0,0,0,0,0,0,0,,,
54,1,Kings XI Punjab,Rising Pune Supergiant,2,3,SE Marsh,WP Saha,SN Thakur,0,0,0,0,0,0,4,0,4,,,
54,1,Kings XI Punjab,Rising Pune Supergiant,2,4,SE Marsh,WP Saha,SN Thakur,0,0,0,0,0,0,0,0,0,,,
54,1,Kings XI Punjab,Rising Pune Supergiant,2,5,SE Marsh,WP Saha,SN Thakur,0,0,0,0,0,0,1,0,1,,,
54,1,Kings XI Punjab,Rising Pune Supergiant,2,6,WP Saha,SE Marsh,SN Thakur,0,0,0,0,0,0,1,0,1,,,
54,1,Kings XI Punjab,Rising Pune Supergiant,3,1,WP Saha,SE Marsh,JD Unadkat,0,0,0,0,0,0,1,0,1,,,
54,1,Kings XI Punjab,Rising Pune Supergiant,3,2,SE Marsh,WP Saha,JD Unadkat,0,0,0,0,0,0,1,0,1,,,
54,1,Kings XI Punjab,Rising Pune Supergiant,3,3,WP Saha,SE Marsh,JD Unadkat,0,0,0,0,0,0,6,0,6,,,
54,1,Kings XI Punjab,Rising Pune Supergiant,3,4,WP Saha,SE Marsh,JD Unadkat,0,0,0,0,0,0,0,0,0,,,
54,1,Kings XI Punjab,Rising Pune Supergiant,3,5,WP Saha,SE Marsh,JD Unadkat,0,0,0,0,0,0,0,0,0,,,
54,1,Kings XI Punjab,Rising Pune Supergiant,3,6,WP Saha,SE Marsh,JD Unadkat,0,0,0,0,0,0,0,0,0,,,
54,1,Kings XI Punjab,Rising Pune Supergiant,4,1,SE Marsh,WP Saha,SN Thakur,0,0,0,0,0,0,0,0,0,,,
54,1,Kings XI Punjab,Rising Pune Supergiant,4,2,SE Marsh,WP Saha,SN Thakur,0,0,0,0,0,0,0,0,0,,,
54,1,Kings XI Punjab,Rising Pune Supergiant,4,3,SE Marsh,WP Saha,SN Thakur,0,0,0,0,0,0,0,0,0,SE Marsh,caught,SPD Smith
54,1,Kings XI Punjab,Rising Pune Supergiant,4,4,EJG Morgan,WP Saha,SN Thakur,0,0,0,0,0,0,0,0,0,,,
54,1,Kings XI Punjab,Rising Pune Supergiant,4,5,EJG Morgan,WP Saha,SN Thakur,0,0,0,0,0,0,4,0,4,,,
54,1,Kings XI Punjab,Rising Pune Supergiant,4,6,EJG Morgan,WP Saha,SN Thakur,0,0,0,0,0,0,0,0,0,,,
54,1,Kings XI Punjab,Rising Pune Supergiant,5,1,WP Saha,EJG Morgan,BA Stokes,0,0,0,0,0,0,0,0,0,,,
54,1,Kings XI Punjab,Rising Pune Supergiant,5,2,WP Saha,EJG Morgan,BA Stokes,0,0,0,0,0,0,1,0,1,,,
54,1,Kings XI Punjab,Rising Pune Supergiant,5,3,EJG Morgan,WP Saha,BA Stokes,0,0,0,0,0,0,0,0,0,EJG Morgan,run out,JD Unadkat
54,1,Kings XI Punjab,Rising Pune Supergiant,5,4,WP Saha,R Tewatia,BA Stokes,0,0,0,0,0,0,1,0,1,,,
54,1,Kings XI Punjab,Rising Pune Supergiant,5,5,R Tewatia,WP Saha,BA Stokes,0,0,0,0,0,0,0,0,0,,,
54,1,Kings XI Punjab,Rising Pune Supergiant,5,6,R Tewatia,WP Saha,BA Stokes,0,0,0,0,0,0,4,0,4,,,
54,1,Kings XI Punjab,Rising Pune Supergiant,6,1,WP Saha,R Tewatia,SN Thakur,0,1,0,0,0,0,0,1,1,,,
54,1,Kings XI Punjab,Rising Pune Supergiant,6,2,WP Saha,R Tewatia,SN Thakur,0,0,0,0,0,0,1,0,1,,,
54,1,Kings XI Punjab,Rising Pune Supergiant,6,3,R Tewatia,WP Saha,SN Thakur,0,0,0,0,0,0,0,0,0,R Tewatia,caught,JD Unadkat
54,1,Kings XI Punjab,Rising Pune Supergiant,6,4,GJ Maxwell,WP Saha,SN Thakur,0,1,0,0,0,0,0,1,1,,,
54,1,Kings XI Punjab,Rising Pune Supergiant,6,5,GJ Maxwell,WP Saha,SN Thakur,0,0,0,0,0,0,0,0,0,,,
54,1,Kings XI Punjab,Rising Pune Supergiant,6,6,GJ Maxwell,WP Saha,SN Thakur,0,0,0,0,0,0,0,0,0,,,
54,1,Kings XI Punjab,Rising Pune Supergiant,6,7,GJ Maxwell,WP Saha,SN Thakur,0,0,0,0,0,0,0,0,0,GJ Maxwell,caught,AM Rahane
54,1,Kings XI Punjab,Rising Pune Supergiant,6,8,WP Saha,AR Patel,SN Thakur,0,0,0,0,0,0,0,0,0,,,
54,1,Kings XI Punjab,Rising Pune Supergiant,7,1,AR Patel,WP Saha,BA Stokes,0,0,0,0,0,0,0,0,0,,,
54,1,Kings XI Punjab,Rising Pune Supergiant,7,2,AR Patel,WP Saha,BA Stokes,0,0,0,0,0,0,0,0,0,,,
54,1,Kings XI Punjab,Rising Pune Supergiant,7,3,AR Patel,WP Saha,BA Stokes,0,0,0,0,0,0,0,0,0,,,
54,1,Kings XI Punjab,Rising Pune Supergiant,7,4,AR Patel,WP Saha,BA Stokes,0,0,0,0,0,0,0,0,0,,,
54,1,Kings XI Punjab,Rising Pune Supergiant,7,5,AR Patel,WP Saha,BA Stokes,0,1,0,0,0,0,0,1,1,,,
54,1,Kings XI Punjab,Rising Pune Supergiant,7,6,AR Patel,WP Saha,BA Stokes,0,0,0,0,0,0,0,0,0,,,
54,1,Kings XI Punjab,Rising Pune Supergiant,7,7,AR Patel,WP Saha,BA Stokes,0,0,0,0,0,0,1,0,1,,,
54,1,Kings XI Punjab,Rising Pune Supergiant,8,1,AR Patel,WP Saha,SN Thakur,0,0,0,0,0,0,4,0,4,,,
54,1,Kings XI Punjab,Rising Pune Supergiant,8,2,AR Patel,WP Saha,SN Thakur,0,0,0,0,0,0,0,0,0,,,
54,1,Kings XI Punjab,Rising Pune Supergiant,8,3,AR Patel,WP Saha,SN Thakur,0,0,0,0,0,0,0,0,0,,,
54,1,Kings XI Punjab,Rising Pune Supergiant,8,4,AR Patel,WP Saha,SN Thakur,0,0,0,0,0,0,1,0,1,,,
54,1,Kings XI Punjab,Rising Pune Supergiant,8,5,WP Saha,AR Patel,SN Thakur,0,0,0,0,0,0,0,0,0,,,
54,1,Kings XI Punjab,Rising Pune Supergiant,8,6,WP Saha,AR Patel,SN Thakur,0,0,0,0,0,0,0,0,0,,,
54,1,Kings XI Punjab,Rising Pune Supergiant,9,1,AR Patel,WP Saha,A Zampa,0,0,0,0,0,0,2,0,2,,,
54,1,Kings XI Punjab,Rising Pune Supergiant,9,2,AR Patel,WP Saha,A Zampa,0,0,0,0,0,0,6,0,6,,,
54,1,Kings XI Punjab,Rising Pune Supergiant,9,3,AR Patel,WP Saha,A Zampa,0,0,0,0,0,0,1,0,1,,,
54,1,Kings XI Punjab,Rising Pune Supergiant,9,4,WP Saha,AR Patel,A Zampa,0,0,0,0,0,0,1,0,1,,,
54,1,Kings XI Punjab,Rising Pune Supergiant,9,5,AR Patel,WP Saha,A Zampa,0,0,0,0,0,0,1,0,1,,,
54,1,Kings XI Punjab,Rising Pune Supergiant,9,6,WP Saha,AR Patel,A Zampa,0,0,0,0,0,0,0,0,0,,,
54,1,Kings XI Punjab,Rising Pune Supergiant,10,1,AR Patel,WP Saha,DT Christian,0,0,0,0,0,0,1,0,1,,,
54,1,Kings XI Punjab,Rising Pune Supergiant,10,2,WP Saha,AR Patel,DT Christian,0,0,0,0,0,0,0,0,0,WP Saha,caught,MS Dhoni
54,1,Kings XI Punjab,Rising Pune Supergiant,10,3,Swapnil Singh,AR Patel,DT Christian,0,0,0,0,0,0,1,0,1,,,
54,1,Kings XI Punjab,Rising Pune Supergiant,10,4,AR Patel,Swapnil Singh,DT Christian,0,0,0,0,0,0,1,0,1,,,
54,1,Kings XI Punjab,Rising Pune Supergiant,10,5,Swapnil Singh,AR Patel,DT Christian,0,0,0,0,0,0,0,0,0,,,
54,1,Kings XI Punjab,Rising Pune Supergiant,10,6,Swapnil Singh,AR Patel,DT Christian,0,0,0,0,0,0,2,0,2,,,
54,1,Kings XI Punjab,Rising Pune Supergiant,11,1,AR Patel,Swapnil Singh,A Zampa,0,0,0,0,0,0,1,0,1,,,
54,1,Kings XI Punjab,Rising Pune Supergiant,11,2,Swapnil Singh,AR Patel,A Zampa,0,0,0,0,0,0,1,0,1,,,
54,1,Kings XI Punjab,Rising Pune Supergiant,11,3,AR Patel,Swapnil Singh,A Zampa,0,0,0,0,0,0,1,0,1,,,
54,1,Kings XI Punjab,Rising Pune Supergiant,11,4,Swapnil Singh,AR Patel,A Zampa,0,0,0,0,0,0,0,0,0,,,
54,1,Kings XI Punjab,Rising Pune Supergiant,11,5,Swapnil Singh,AR Patel,A Zampa,0,0,0,0,0,0,0,0,0,,,
54,1,Kings XI Punjab,Rising Pune Supergiant,11,6,Swapnil Singh,AR Patel,A Zampa,0,0,0,0,0,0,1,0,1,,,
54,1,Kings XI Punjab,Rising Pune Supergiant,12,1,Swapnil Singh,AR Patel,DT Christian,0,0,0,0,0,0,1,0,1,,,
54,1,Kings XI Punjab,Rising Pune Supergiant,12,2,AR Patel,Swapnil Singh,DT Christian,0,0,0,0,0,0,2,0,2,,,
54,1,Kings XI Punjab,Rising Pune Supergiant,12,3,AR Patel,Swapnil Singh,DT Christian,0,0,0,0,0,0,0,0,0,AR Patel,caught,MS Dhoni
54,1,Kings XI Punjab,Rising Pune Supergiant,12,4,MM Sharma,Swapnil Singh,DT Christian,0,0,0,0,0,0,1,0,1,,,
54,1,Kings XI Punjab,Rising Pune Supergiant,12,5,Swapnil Singh,MM Sharma,DT Christian,0,0,0,0,0,0,1,0,1,,,
54,1,Kings XI Punjab,Rising Pune Supergiant,12,6,MM Sharma,Swapnil Singh,DT Christian,0,0,0,0,0,0,0,0,0,,,
54,1,Kings XI Punjab,Rising Pune Supergiant,13,1,Swapnil Singh,MM Sharma,A Zampa,0,0,0,0,0,0,0,0,0,,,
54,1,Kings XI Punjab,Rising Pune Supergiant,13,2,Swapnil Singh,MM Sharma,A Zampa,0,0,0,0,0,0,1,0,1,,,
54,1,Kings XI Punjab,Rising Pune Supergiant,13,3,MM Sharma,Swapnil Singh,A Zampa,0,0,0,0,0,0,1,0,1,,,
54,1,Kings XI Punjab,Rising Pune Supergiant,13,4,Swapnil Singh,MM Sharma,A Zampa,0,0,0,0,0,0,1,0,1,,,
54,1,Kings XI Punjab,Rising Pune Supergiant,13,5,MM Sharma,Swapnil Singh,A Zampa,0,0,0,0,0,0,1,0,1,,,
54,1,Kings XI Punjab,Rising Pune Supergiant,13,6,Swapnil Singh,MM Sharma,A Zampa,0,0,0,0,0,0,1,0,1,,,
54,1,Kings XI Punjab,Rising Pune Supergiant,14,1,Swapnil Singh,MM Sharma,JD Unadkat,0,0,0,0,0,0,0,0,0,,,
54,1,Kings XI Punjab,Rising Pune Supergiant,14,2,Swapnil Singh,MM Sharma,JD Unadkat,0,0,0,0,0,0,0,0,0,,,
54,1,Kings XI Punjab,Rising Pune Supergiant,14,3,Swapnil Singh,MM Sharma,JD Unadkat,0,0,0,0,0,0,0,0,0,,,
54,1,Kings XI Punjab,Rising Pune Supergiant,14,4,Swapnil Singh,MM Sharma,JD Unadkat,0,0,0,0,0,0,0,0,0,Swapnil Singh,caught,MS Dhoni
54,1,Kings XI Punjab,Rising Pune Supergiant,14,5,I Sharma,MM Sharma,JD Unadkat,0,0,0,0,0,0,0,0,0,,,
54,1,Kings XI Punjab,Rising Pune Supergiant,14,6,I Sharma,MM Sharma,JD Unadkat,0,0,0,0,0,0,0,0,0,,,
54,1,Kings XI Punjab,Rising Pune Supergiant,15,1,MM Sharma,I Sharma,BA Stokes,0,0,0,0,0,0,0,0,0,,,
54,1,Kings XI Punjab,Rising Pune Supergiant,15,2,MM Sharma,I Sharma,BA Stokes,0,0,0,0,0,0,0,0,0,,,
54,1,Kings XI Punjab,Rising Pune Supergiant,15,3,MM Sharma,I Sharma,BA Stokes,0,0,0,0,0,0,0,0,0,,,
54,1,Kings XI Punjab,Rising Pune Supergiant,15,4,MM Sharma,I Sharma,BA Stokes,0,0,0,0,0,0,1,0,1,,,
54,1,Kings XI Punjab,Rising Pune Supergiant,15,5,I Sharma,MM Sharma,BA Stokes,0,0,0,0,0,0,0,0,0,,,
54,1,Kings XI Punjab,Rising Pune Supergiant,15,6,I Sharma,MM Sharma,BA Stokes,0,0,0,0,0,0,1,0,1,,,
54,1,Kings XI Punjab,Rising Pune Supergiant,16,1,I Sharma,MM Sharma,A Zampa,0,0,0,0,0,0,0,0,0,I Sharma,caught,SPD Smith
54,1,Kings XI Punjab,Rising Pune Supergiant,16,2,MM Sharma,Sandeep Sharma,A Zampa,0,0,0,0,0,0,2,0,2,,,
54,1,Kings XI Punjab,Rising Pune Supergiant,16,3,MM Sharma,Sandeep Sharma,A Zampa,0,0,0,0,0,0,0,0,0,,,
54,1,Kings XI Punjab,Rising Pune Supergiant,16,4,MM Sharma,Sandeep Sharma,A Zampa,0,0,0,0,0,0,0,0,0,,,
54,1,Kings XI Punjab,Rising Pune Supergiant,16,5,MM Sharma,Sandeep Sharma,A Zampa,0,0,0,0,0,0,0,0,0,MM Sharma,caught,DT Christian
54,2,Rising Pune Supergiant,Kings XI Punjab,1,1,AM Rahane,RA Tripathi,Sandeep Sharma,0,0,0,0,0,0,0,0,0,,,
54,2,Rising Pune Supergiant,Kings XI Punjab,1,2,AM Rahane,RA Tripathi,Sandeep Sharma,0,0,0,0,0,0,2,0,2,,,
54,2,Rising Pune Supergiant,Kings XI Punjab,1,3,AM Rahane,RA Tripathi,Sandeep Sharma,0,0,0,0,0,0,0,0,0,,,
54,2,Rising Pune Supergiant,Kings XI Punjab,1,4,AM Rahane,RA Tripathi,Sandeep Sharma,0,0,0,0,0,0,0,0,0,,,
54,2,Rising Pune Supergiant,Kings XI Punjab,1,5,AM Rahane,RA Tripathi,Sandeep Sharma,0,0,0,0,0,0,0,0,0,,,
54,2,Rising Pune Supergiant,Kings XI Punjab,1,6,AM Rahane,RA Tripathi,Sandeep Sharma,0,0,0,0,0,0,1,0,1,,,
54,2,Rising Pune Supergiant,Kings XI Punjab,2,1,AM Rahane,RA Tripathi,MM Sharma,0,0,0,0,0,0,1,0,1,,,
54,2,Rising Pune Supergiant,Kings XI Punjab,2,2,RA Tripathi,AM Rahane,MM Sharma,0,0,0,0,0,0,0,0,0,,,
54,2,Rising Pune Supergiant,Kings XI Punjab,2,3,RA Tripathi,AM Rahane,MM Sharma,0,0,0,0,0,0,4,0,4,,,
54,2,Rising Pune Supergiant,Kings XI Punjab,2,4,RA Tripathi,AM Rahane,MM Sharma,0,0,0,0,0,0,0,0,0,,,
54,2,Rising Pune Supergiant,Kings XI Punjab,2,5,RA Tripathi,AM Rahane,MM Sharma,0,0,0,0,0,0,0,0,0,,,
54,2,Rising Pune Supergiant,Kings XI Punjab,2,6,RA Tripathi,AM Rahane,MM Sharma,0,0,0,0,0,0,1,0,1,,,
54,2,Rising Pune Supergiant,Kings XI Punjab,3,1,RA Tripathi,AM Rahane,Sandeep Sharma,0,1,0,0,0,0,0,1,1,,,
54,2,Rising Pune Supergiant,Kings XI Punjab,3,2,RA Tripathi,AM Rahane,Sandeep Sharma,0,0,0,0,0,0,1,0,1,,,
54,2,Rising Pune Supergiant,Kings XI Punjab,3,3,AM Rahane,RA Tripathi,Sandeep Sharma,0,0,0,0,0,0,1,0,1,,,
54,2,Rising Pune Supergiant,Kings XI Punjab,3,4,RA Tripathi,AM Rahane,Sandeep Sharma,0,0,0,0,0,0,4,0,4,,,
54,2,Rising Pune Supergiant,Kings XI Punjab,3,5,RA Tripathi,AM Rahane,Sandeep Sharma,0,0,0,0,0,0,1,0,1,,,
54,2,Rising Pune Supergiant,Kings XI Punjab,3,6,AM Rahane,RA Tripathi,Sandeep Sharma,0,0,0,0,0,0,0,0,0,,,
54,2,Rising Pune Supergiant,Kings XI Punjab,3,7,AM Rahane,RA Tripathi,Sandeep Sharma,0,0,0,0,0,0,1,0,1,,,
54,2,Rising Pune Supergiant,Kings XI Punjab,4,1,AM Rahane,RA Tripathi,I Sharma,0,0,0,0,0,0,1,0,1,,,
54,2,Rising Pune Supergiant,Kings XI Punjab,4,2,RA Tripathi,AM Rahane,I Sharma,0,0,0,0,0,0,4,0,4,,,
54,2,Rising Pune Supergiant,Kings XI Punjab,4,3,RA Tripathi,AM Rahane,I Sharma,0,0,0,0,0,0,0,0,0,,,
54,2,Rising Pune Supergiant,Kings XI Punjab,4,4,RA Tripathi,AM Rahane,I Sharma,0,0,0,0,0,0,4,0,4,,,
54,2,Rising Pune Supergiant,Kings XI Punjab,4,5,RA Tripathi,AM Rahane,I Sharma,0,0,0,0,0,0,2,0,2,,,
54,2,Rising Pune Supergiant,Kings XI Punjab,4,6,RA Tripathi,AM Rahane,I Sharma,0,0,0,0,0,0,1,0,1,,,
54,2,Rising Pune Supergiant,Kings XI Punjab,5,1,RA Tripathi,AM Rahane,R Tewatia,0,0,0,0,0,0,0,0,0,,,
54,2,Rising Pune Supergiant,Kings XI Punjab,5,2,RA Tripathi,AM Rahane,R Tewatia,0,0,0,0,0,0,0,0,0,,,
54,2,Rising Pune Supergiant,Kings XI Punjab,5,3,RA Tripathi,AM Rahane,R Tewatia,0,0,0,0,0,0,6,0,6,,,
54,2,Rising Pune Supergiant,Kings XI Punjab,5,4,RA Tripathi,AM Rahane,R Tewatia,0,0,0,0,0,0,0,0,0,,,
54,2,Rising Pune Supergiant,Kings XI Punjab,5,5,RA Tripathi,AM Rahane,R Tewatia,0,0,0,0,0,0,0,0,0,,,
54,2,Rising Pune Supergiant,Kings XI Punjab,5,6,RA Tripathi,AM Rahane,R Tewatia,0,0,0,0,0,0,0,0,0,,,
54,2,Rising Pune Supergiant,Kings XI Punjab,6,1,AM Rahane,RA Tripathi,AR Patel,0,0,0,0,0,0,4,0,4,,,
54,2,Rising Pune Supergiant,Kings XI Punjab,6,2,AM Rahane,RA Tripathi,AR Patel,0,0,0,0,0,0,1,0,1,,,
54,2,Rising Pune Supergiant,Kings XI Punjab,6,3,RA Tripathi,AM Rahane,AR Patel,0,0,0,0,0,0,0,0,0,RA Tripathi,bowled,
54,2,Rising Pune Supergiant,Kings XI Punjab,6,4,SPD Smith,AM Rahane,AR Patel,0,0,0,0,0,0,1,0,1,,,
54,2,Rising Pune Supergiant,Kings XI Punjab,6,5,AM Rahane,SPD Smith,AR Patel,0,0,0,0,0,0,0,0,0,,,
54,2,Rising Pune Supergiant,Kings XI Punjab,6,6,AM Rahane,SPD Smith,AR Patel,0,0,0,0,0,0,1,0,1,,,
54,2,Rising Pune Supergiant,Kings XI Punjab,7,1,AM Rahane,SPD Smith,Swapnil Singh,0,0,0,0,0,0,2,0,2,,,
54,2,Rising Pune Supergiant,Kings XI Punjab,7,2,AM Rahane,SPD Smith,Swapnil Singh,0,0,0,0,0,0,1,0,1,,,
54,2,Rising Pune Supergiant,Kings XI Punjab,7,3,SPD Smith,AM Rahane,Swapnil Singh,0,0,0,0,0,0,1,0,1,,,
54,2,Rising Pune Supergiant,Kings XI Punjab,7,4,AM Rahane,SPD Smith,Swapnil Singh,0,0,0,0,0,0,1,0,1,,,
54,2,Rising Pune Supergiant,Kings XI Punjab,7,5,SPD Smith,AM Rahane,Swapnil Singh,0,0,0,0,0,0,0,0,0,,,
54,2,Rising Pune Supergiant,Kings XI Punjab,7,6,SPD Smith,AM Rahane,Swapnil Singh,0,0,0,0,0,0,1,0,1,,,
54,2,Rising Pune Supergiant,Kings XI Punjab,8,1,SPD Smith,AM Rahane,AR Patel,0,0,0,0,0,0,1,0,1,,,
54,2,Rising Pune Supergiant,Kings XI Punjab,8,2,AM Rahane,SPD Smith,AR Patel,0,0,0,0,0,0,1,0,1,,,
54,2,Rising Pune Supergiant,Kings XI Punjab,8,3,SPD Smith,AM Rahane,AR Patel,0,0,0,0,0,0,1,0,1,,,
54,2,Rising Pune Supergiant,Kings XI Punjab,8,4,AM Rahane,SPD Smith,AR Patel,0,0,0,0,0,0,1,0,1,,,
54,2,Rising Pune Supergiant,Kings XI Punjab,8,5,SPD Smith,AM Rahane,AR Patel,0,0,0,0,0,0,1,0,1,,,
54,2,Rising Pune Supergiant,Kings XI Punjab,8,6,AM Rahane,SPD Smith,AR Patel,0,0,0,0,0,0,1,0,1,,,
54,2,Rising Pune Supergiant,Kings XI Punjab,9,1,AM Rahane,SPD Smith,R Tewatia,0,0,0,0,0,0,0,0,0,,,
54,2,Rising Pune Supergiant,Kings XI Punjab,9,2,AM Rahane,SPD Smith,R Tewatia,0,0,0,0,0,0,1,0,1,,,
54,2,Rising Pune Supergiant,Kings XI Punjab,9,3,SPD Smith,AM Rahane,R Tewatia,0,0,0,0,0,0,1,0,1,,,
54,2,Rising Pune Supergiant,Kings XI Punjab,9,4,AM Rahane,SPD Smith,R Tewatia,0,0,0,0,0,0,0,0,0,,,
54,2,Rising Pune Supergiant,Kings XI Punjab,9,5,AM Rahane,SPD Smith,R Tewatia,0,0,0,0,0,0,1,0,1,,,
54,2,Rising Pune Supergiant,Kings XI Punjab,9,6,SPD Smith,AM Rahane,R Tewatia,0,0,0,0,0,0,0,0,0,,,
54,2,Rising Pune Supergiant,Kings XI Punjab,10,1,AM Rahane,SPD Smith,GJ Maxwell,0,0,0,0,0,0,1,0,1,,,
54,2,Rising Pune Supergiant,Kings XI Punjab,10,2,SPD Smith,AM Rahane,GJ Maxwell,0,0,0,0,0,0,0,0,0,,,
54,2,Rising Pune Supergiant,Kings XI Punjab,10,3,SPD Smith,AM Rahane,GJ Maxwell,0,0,0,0,0,0,1,0,1,,,
54,2,Rising Pune Supergiant,Kings XI Punjab,10,4,AM Rahane,SPD Smith,GJ Maxwell,0,0,0,0,0,0,0,0,0,,,
54,2,Rising Pune Supergiant,Kings XI Punjab,10,5,AM Rahane,SPD Smith,GJ Maxwell,0,0,0,0,0,0,1,0,1,,,
54,2,Rising Pune Supergiant,Kings XI Punjab,10,6,SPD Smith,AM Rahane,GJ Maxwell,0,0,0,0,0,0,1,0,1,,,
54,2,Rising Pune Supergiant,Kings XI Punjab,11,1,SPD Smith,AM Rahane,R Tewatia,0,0,0,0,0,0,2,0,2,,,
54,2,Rising Pune Supergiant,Kings XI Punjab,11,2,SPD Smith,AM Rahane,R Tewatia,0,0,0,0,0,0,0,0,0,,,
54,2,Rising Pune Supergiant,Kings XI Punjab,11,3,SPD Smith,AM Rahane,R Tewatia,0,0,0,0,0,0,1,0,1,,,
54,2,Rising Pune Supergiant,Kings XI Punjab,11,4,AM Rahane,SPD Smith,R Tewatia,0,0,0,0,0,0,1,0,1,,,
54,2,Rising Pune Supergiant,Kings XI Punjab,11,5,SPD Smith,AM Rahane,R Tewatia,0,0,0,0,0,0,1,0,1,,,
54,2,Rising Pune Supergiant,Kings XI Punjab,11,6,AM Rahane,SPD Smith,R Tewatia,0,0,0,0,0,0,0,0,0,,,
54,2,Rising Pune Supergiant,Kings XI Punjab,12,1,SPD Smith,AM Rahane,GJ Maxwell,0,0,0,0,0,0,1,0,1,,,
54,2,Rising Pune Supergiant,Kings XI Punjab,12,2,AM Rahane,SPD Smith,GJ Maxwell,0,0,0,0,0,0,2,0,2,,,
54,2,Rising Pune Supergiant,Kings XI Punjab,12,3,AM Rahane,SPD Smith,GJ Maxwell,0,0,0,0,0,0,1,0,1,,,
54,2,Rising Pune Supergiant,Kings XI Punjab,12,4,SPD Smith,AM Rahane,GJ Maxwell,0,0,0,0,0,0,1,0,1,,,
54,2,Rising Pune Supergiant,Kings XI Punjab,12,5,AM Rahane,SPD Smith,GJ Maxwell,0,0,0,0,0,0,0,0,0,,,
54,2,Rising Pune Supergiant,Kings XI Punjab,12,6,AM Rahane,SPD Smith,GJ Maxwell,0,0,0,0,0,0,6,0,6,,,
